Date,Ticker,Weight
2024-10-01,AAPL,0.01
2024-10-01,NVDA,0.01
2024-10-01,AMZN,0.01
2024-10-01,META,0.01
2024-10-01,AVGO,0.01
2024-10-01,MU,0.01
2024-10-01,ADI,0.01
2024-10-01,MELI,0.01
2024-10-01,INTC,0.01
2024-10-01,AEP,0.01
2024-10-01,MNST,0.01
2024-10-01,FANG,0.01
2024-10-01,PAYX,0.01
2024-10-01,APP,0.01
2024-10-01,DDOG,0.01
2024-10-01,ALNY,0.01
2024-10-01,FITB,0.01
2024-10-01,ERIE,0.01
2024-10-01,ANSS,0.01
2024-10-01,ICLR,0.01
2024-10-01,TER,0.01
2024-10-01,ILMN,0.01
2024-10-01,UAL,0.01
2024-10-01,LINE,0.01
2024-10-01,BSY,0.01
2024-10-01,TRMB,0.01
2024-10-01,FUTU,0.01
2024-10-01,WING,0.01
2024-10-01,PPC,0.01
2024-10-01,SFM,0.01
2024-10-01,MBLY,0.01
2024-10-01,LECO,0.01
2024-10-01,HAS,0.01
2024-10-01,DOX,0.01
2024-10-01,MKTX,0.01
2024-10-01,RGLD,0.01
2024-10-01,FYBR,0.01
2024-10-01,FSV,0.01
2024-10-01,TEM,0.01
2024-10-01,SOFI,0.01
2024-10-01,DBX,0.01
2024-10-01,LNW,0.01
2024-10-01,CELH,0.01
2024-10-01,SPSC,0.01
2024-10-01,SAIC,0.01
2024-10-01,NSIT,0.01
2024-10-01,NOVT,0.01
2024-10-01,CWST,0.01
2024-10-01,VRNS,0.01
2024-10-01,CSWI,0.01
2024-10-01,GRFS,0.01
2024-10-01,ACIW,0.01
2024-10-01,KRYS,0.01
2024-10-01,GGAL,0.01
2024-10-01,UMBF,0.01
2024-10-01,ICUI,0.01
2024-10-01,LOPE,0.01
2024-10-01,SITM,0.01
2024-10-01,CRSP,0.01
2024-10-01,AEIS,0.01
2024-10-01,IRDM,0.01
2024-10-01,IDCC,0.01
2024-10-01,TGTX,0.01
2024-10-01,MGEE,0.01
2024-10-01,BWIN,0.01
2024-10-01,SMTC,0.01
2024-10-01,PTEN,0.01
2024-10-01,TRMD,0.01
2024-10-01,CARG,0.01
2024-10-01,PLTK,0.01
2024-10-01,IOVA,0.01
2024-10-01,PENN,0.01
2024-10-01,CSQ,0.01
2024-10-01,AMRX,0.01
2024-10-01,SFNC,0.01
2024-10-01,NMRK,0.01
2024-10-01,HWKN,0.01
2024-10-01,GT,0.01
2024-10-01,CGON,0.01
2024-10-01,INDB,0.01
2024-10-01,UFPT,0.01
2024-10-01,HTLF,0.01
2024-10-01,WERN,0.01
2024-10-01,VEON,0.01
2024-10-01,HRMY,0.01
2024-10-01,CNTA,0.01
2024-10-01,AVPT,0.01
2024-10-01,YY,0.01
2024-10-01,FIVN,0.01
2024-10-01,SPNS,0.01
2024-10-01,SIMO,0.01
2024-10-01,MBIN,0.01
2024-10-01,OMCL,0.01
2024-10-01,SJW,0.01
2024-10-01,ENLT,0.01
2024-10-01,TTMI,0.01
2024-10-01,KNSA,0.01
2024-10-01,TFIN,0.01
2024-10-01,SUPN,0.01
2024-10-01,TRUP,0.01
2024-10-02,AAPL,0.01
2024-10-02,NVDA,0.01
2024-10-02,AMZN,0.01
2024-10-02,META,0.01
2024-10-02,AVGO,0.01
2024-10-02,ADI,0.01
2024-10-02,MU,0.01
2024-10-02,MELI,0.01
2024-10-02,INTC,0.01
2024-10-02,AEP,0.01
2024-10-02,MNST,0.01
2024-10-02,FANG,0.01
2024-10-02,PAYX,0.01
2024-10-02,APP,0.01
2024-10-02,DDOG,0.01
2024-10-02,ALNY,0.01
2024-10-02,FITB,0.01
2024-10-02,ERIE,0.01
2024-10-02,ANSS,0.01
2024-10-02,ICLR,0.01
2024-10-02,ILMN,0.01
2024-10-02,TER,0.01
2024-10-02,UAL,0.01
2024-10-02,LINE,0.01
2024-10-02,FUTU,0.01
2024-10-02,TRMB,0.01
2024-10-02,BSY,0.01
2024-10-02,WING,0.01
2024-10-02,PPC,0.01
2024-10-02,SFM,0.01
2024-10-02,LECO,0.01
2024-10-02,MBLY,0.01
2024-10-02,DOX,0.01
2024-10-02,HAS,0.01
2024-10-02,MKTX,0.01
2024-10-02,RGLD,0.01
2024-10-02,FYBR,0.01
2024-10-02,SOFI,0.01
2024-10-02,FSV,0.01
2024-10-02,DBX,0.01
2024-10-02,TEM,0.01
2024-10-02,LNW,0.01
2024-10-02,SPSC,0.01
2024-10-02,CELH,0.01
2024-10-02,SAIC,0.01
2024-10-02,NSIT,0.01
2024-10-02,NOVT,0.01
2024-10-02,VRNS,0.01
2024-10-02,CWST,0.01
2024-10-02,CSWI,0.01
2024-10-02,GRFS,0.01
2024-10-02,ACIW,0.01
2024-10-02,KRYS,0.01
2024-10-02,GGAL,0.01
2024-10-02,UMBF,0.01
2024-10-02,ICUI,0.01
2024-10-02,LOPE,0.01
2024-10-02,SITM,0.01
2024-10-02,CRSP,0.01
2024-10-02,AEIS,0.01
2024-10-02,IRDM,0.01
2024-10-02,IDCC,0.01
2024-10-02,TGTX,0.01
2024-10-02,BWIN,0.01
2024-10-02,MGEE,0.01
2024-10-02,PTEN,0.01
2024-10-02,TRMD,0.01
2024-10-02,SMTC,0.01
2024-10-02,CARG,0.01
2024-10-02,IOVA,0.01
2024-10-02,PLTK,0.01
2024-10-02,PENN,0.01
2024-10-02,CSQ,0.01
2024-10-02,NMRK,0.01
2024-10-02,HWKN,0.01
2024-10-02,AMRX,0.01
2024-10-02,SFNC,0.01
2024-10-02,CGON,0.01
2024-10-02,GT,0.01
2024-10-02,INDB,0.01
2024-10-02,UFPT,0.01
2024-10-02,HTLF,0.01
2024-10-02,WERN,0.01
2024-10-02,VEON,0.01
2024-10-02,AVPT,0.01
2024-10-02,FIVN,0.01
2024-10-02,CNTA,0.01
2024-10-02,YY,0.01
2024-10-02,SPNS,0.01
2024-10-02,SIMO,0.01
2024-10-02,HRMY,0.01
2024-10-02,MBIN,0.01
2024-10-02,OMCL,0.01
2024-10-02,SJW,0.01
2024-10-02,ENLT,0.01
2024-10-02,TTMI,0.01
2024-10-02,CLOV,0.01
2024-10-02,SUPN,0.01
2024-10-02,TFIN,0.01
2024-10-02,KNSA,0.01
2024-10-03,AAPL,0.01
2024-10-03,NVDA,0.01
2024-10-03,AMZN,0.01
2024-10-03,META,0.01
2024-10-03,AVGO,0.01
2024-10-03,MU,0.01
2024-10-03,ADI,0.01
2024-10-03,MELI,0.01
2024-10-03,INTC,0.01
2024-10-03,FANG,0.01
2024-10-03,AEP,0.01
2024-10-03,MNST,0.01
2024-10-03,PAYX,0.01
2024-10-03,APP,0.01
2024-10-03,DDOG,0.01
2024-10-03,ALNY,0.01
2024-10-03,FITB,0.01
2024-10-03,ERIE,0.01
2024-10-03,ANSS,0.01
2024-10-03,ICLR,0.01
2024-10-03,ILMN,0.01
2024-10-03,TER,0.01
2024-10-03,UAL,0.01
2024-10-03,LINE,0.01
2024-10-03,FUTU,0.01
2024-10-03,TRMB,0.01
2024-10-03,BSY,0.01
2024-10-03,WING,0.01
2024-10-03,EXE,0.01
2024-10-03,SFM,0.01
2024-10-03,LECO,0.01
2024-10-03,MKTX,0.01
2024-10-03,PPC,0.01
2024-10-03,DOX,0.01
2024-10-03,MBLY,0.01
2024-10-03,HAS,0.01
2024-10-03,RGLD,0.01
2024-10-03,FYBR,0.01
2024-10-03,SOFI,0.01
2024-10-03,DBX,0.01
2024-10-03,FSV,0.01
2024-10-03,LNW,0.01
2024-10-03,TEM,0.01
2024-10-03,SAIC,0.01
2024-10-03,NSIT,0.01
2024-10-03,SPSC,0.01
2024-10-03,CELH,0.01
2024-10-03,CWST,0.01
2024-10-03,VRNS,0.01
2024-10-03,NOVT,0.01
2024-10-03,GRFS,0.01
2024-10-03,CSWI,0.01
2024-10-03,ACIW,0.01
2024-10-03,GGAL,0.01
2024-10-03,KRYS,0.01
2024-10-03,UMBF,0.01
2024-10-03,ICUI,0.01
2024-10-03,LOPE,0.01
2024-10-03,SITM,0.01
2024-10-03,AEIS,0.01
2024-10-03,CRSP,0.01
2024-10-03,IRDM,0.01
2024-10-03,IDCC,0.01
2024-10-03,TGTX,0.01
2024-10-03,BWIN,0.01
2024-10-03,MGEE,0.01
2024-10-03,PTEN,0.01
2024-10-03,TRMD,0.01
2024-10-03,SMTC,0.01
2024-10-03,CARG,0.01
2024-10-03,IOVA,0.01
2024-10-03,PLTK,0.01
2024-10-03,PENN,0.01
2024-10-03,CSQ,0.01
2024-10-03,NMRK,0.01
2024-10-03,SFNC,0.01
2024-10-03,AMRX,0.01
2024-10-03,HWKN,0.01
2024-10-03,INDB,0.01
2024-10-03,CGON,0.01
2024-10-03,HTLF,0.01
2024-10-03,GT,0.01
2024-10-03,WERN,0.01
2024-10-03,UFPT,0.01
2024-10-03,VEON,0.01
2024-10-03,AVPT,0.01
2024-10-03,FIVN,0.01
2024-10-03,SIMO,0.01
2024-10-03,CNTA,0.01
2024-10-03,SPNS,0.01
2024-10-03,YY,0.01
2024-10-03,CLOV,0.01
2024-10-03,MBIN,0.01
2024-10-03,HRMY,0.01
2024-10-03,OMCL,0.01
2024-10-03,SJW,0.01
2024-10-03,ENLT,0.01
2024-10-03,TTMI,0.01
2024-10-03,SUPN,0.01
2024-10-03,TRUP,0.01
2024-10-04,AAPL,0.01
2024-10-04,NVDA,0.01
2024-10-04,AMZN,0.01
2024-10-04,META,0.01
2024-10-04,AVGO,0.01
2024-10-04,MU,0.01
2024-10-04,ADI,0.01
2024-10-04,MELI,0.01
2024-10-04,INTC,0.01
2024-10-04,FANG,0.01
2024-10-04,MNST,0.01
2024-10-04,AEP,0.01
2024-10-04,PAYX,0.01
2024-10-04,APP,0.01
2024-10-04,DDOG,0.01
2024-10-04,ALNY,0.01
2024-10-04,FITB,0.01
2024-10-04,ERIE,0.01
2024-10-04,ANSS,0.01
2024-10-04,ICLR,0.01
2024-10-04,ILMN,0.01
2024-10-04,TER,0.01
2024-10-04,UAL,0.01
2024-10-04,EXE,0.01
2024-10-04,FUTU,0.01
2024-10-04,LINE,0.01
2024-10-04,TRMB,0.01
2024-10-04,BSY,0.01
2024-10-04,WING,0.01
2024-10-04,SFM,0.01
2024-10-04,LECO,0.01
2024-10-04,PPC,0.01
2024-10-04,MBLY,0.01
2024-10-04,MKTX,0.01
2024-10-04,DOX,0.01
2024-10-04,HAS,0.01
2024-10-04,RGLD,0.01
2024-10-04,SOFI,0.01
2024-10-04,FYBR,0.01
2024-10-04,LNW,0.01
2024-10-04,TEM,0.01
2024-10-04,DBX,0.01
2024-10-04,FSV,0.01
2024-10-04,SAIC,0.01
2024-10-04,NSIT,0.01
2024-10-04,SPSC,0.01
2024-10-04,CELH,0.01
2024-10-04,VRNS,0.01
2024-10-04,NOVT,0.01
2024-10-04,CWST,0.01
2024-10-04,CSWI,0.01
2024-10-04,GRFS,0.01
2024-10-04,ACIW,0.01
2024-10-04,GGAL,0.01
2024-10-04,KRYS,0.01
2024-10-04,UMBF,0.01
2024-10-04,ICUI,0.01
2024-10-04,SITM,0.01
2024-10-04,LOPE,0.01
2024-10-04,AEIS,0.01
2024-10-04,CRSP,0.01
2024-10-04,IDCC,0.01
2024-10-04,IRDM,0.01
2024-10-04,TGTX,0.01
2024-10-04,BWIN,0.01
2024-10-04,PTEN,0.01
2024-10-04,MGEE,0.01
2024-10-04,IOVA,0.01
2024-10-04,SMTC,0.01
2024-10-04,TRMD,0.01
2024-10-04,CARG,0.01
2024-10-04,PENN,0.01
2024-10-04,PLTK,0.01
2024-10-04,CSQ,0.01
2024-10-04,SFNC,0.01
2024-10-04,AMRX,0.01
2024-10-04,HWKN,0.01
2024-10-04,NMRK,0.01
2024-10-04,INDB,0.01
2024-10-04,CGON,0.01
2024-10-04,GT,0.01
2024-10-04,HTLF,0.01
2024-10-04,WERN,0.01
2024-10-04,AVPT,0.01
2024-10-04,UFPT,0.01
2024-10-04,FIVN,0.01
2024-10-04,VEON,0.01
2024-10-04,YY,0.01
2024-10-04,SIMO,0.01
2024-10-04,CNTA,0.01
2024-10-04,SPNS,0.01
2024-10-04,MBIN,0.01
2024-10-04,CLOV,0.01
2024-10-04,HRMY,0.01
2024-10-04,OMCL,0.01
2024-10-04,SJW,0.01
2024-10-04,ENLT,0.01
2024-10-04,TTMI,0.01
2024-10-04,TRUP,0.01
2024-10-04,SUPN,0.01
2024-10-07,AAPL,0.01
2024-10-07,NVDA,0.01
2024-10-07,AMZN,0.01
2024-10-07,META,0.01
2024-10-07,AVGO,0.01
2024-10-07,MU,0.01
2024-10-07,ADI,0.01
2024-10-07,MELI,0.01
2024-10-07,INTC,0.01
2024-10-07,FANG,0.01
2024-10-07,AEP,0.01
2024-10-07,MNST,0.01
2024-10-07,PAYX,0.01
2024-10-07,APP,0.01
2024-10-07,DDOG,0.01
2024-10-07,ALNY,0.01
2024-10-07,FITB,0.01
2024-10-07,ANSS,0.01
2024-10-07,ERIE,0.01
2024-10-07,ICLR,0.01
2024-10-07,ILMN,0.01
2024-10-07,TER,0.01
2024-10-07,UAL,0.01
2024-10-07,EXE,0.01
2024-10-07,FUTU,0.01
2024-10-07,LINE,0.01
2024-10-07,TRMB,0.01
2024-10-07,BSY,0.01
2024-10-07,WING,0.01
2024-10-07,SFM,0.01
2024-10-07,LECO,0.01
2024-10-07,PPC,0.01
2024-10-07,MKTX,0.01
2024-10-07,HAS,0.01
2024-10-07,DOX,0.01
2024-10-07,MBLY,0.01
2024-10-07,RGLD,0.01
2024-10-07,SOFI,0.01
2024-10-07,FYBR,0.01
2024-10-07,LNW,0.01
2024-10-07,DBX,0.01
2024-10-07,FSV,0.01
2024-10-07,TEM,0.01
2024-10-07,NSIT,0.01
2024-10-07,SAIC,0.01
2024-10-07,SPSC,0.01
2024-10-07,CELH,0.01
2024-10-07,NOVT,0.01
2024-10-07,VRNS,0.01
2024-10-07,CSWI,0.01
2024-10-07,CWST,0.01
2024-10-07,GRFS,0.01
2024-10-07,ACIW,0.01
2024-10-07,UMBF,0.01
2024-10-07,GGAL,0.01
2024-10-07,KRYS,0.01
2024-10-07,ICUI,0.01
2024-10-07,SITM,0.01
2024-10-07,LOPE,0.01
2024-10-07,AEIS,0.01
2024-10-07,CRSP,0.01
2024-10-07,IDCC,0.01
2024-10-07,IRDM,0.01
2024-10-07,PTEN,0.01
2024-10-07,BWIN,0.01
2024-10-07,TGTX,0.01
2024-10-07,SMTC,0.01
2024-10-07,MGEE,0.01
2024-10-07,TRMD,0.01
2024-10-07,IOVA,0.01
2024-10-07,CARG,0.01
2024-10-07,PLTK,0.01
2024-10-07,PENN,0.01
2024-10-07,CSQ,0.01
2024-10-07,SFNC,0.01
2024-10-07,HWKN,0.01
2024-10-07,AMRX,0.01
2024-10-07,NMRK,0.01
2024-10-07,INDB,0.01
2024-10-07,HTLF,0.01
2024-10-07,CGON,0.01
2024-10-07,GT,0.01
2024-10-07,WERN,0.01
2024-10-07,AVPT,0.01
2024-10-07,UFPT,0.01
2024-10-07,FIVN,0.01
2024-10-07,VEON,0.01
2024-10-07,YY,0.01
2024-10-07,SIMO,0.01
2024-10-07,MBIN,0.01
2024-10-07,SPNS,0.01
2024-10-07,CNTA,0.01
2024-10-07,HRMY,0.01
2024-10-07,OMCL,0.01
2024-10-07,TTMI,0.01
2024-10-07,SJW,0.01
2024-10-07,CLOV,0.01
2024-10-07,ENLT,0.01
2024-10-07,SUPN,0.01
2024-10-07,TRUP,0.01
2024-10-08,AAPL,0.01
2024-10-08,NVDA,0.01
2024-10-08,AMZN,0.01
2024-10-08,META,0.01
2024-10-08,AVGO,0.01
2024-10-08,MU,0.01
2024-10-08,ADI,0.01
2024-10-08,MELI,0.01
2024-10-08,INTC,0.01
2024-10-08,FANG,0.01
2024-10-08,AEP,0.01
2024-10-08,MNST,0.01
2024-10-08,PAYX,0.01
2024-10-08,APP,0.01
2024-10-08,DDOG,0.01
2024-10-08,ALNY,0.01
2024-10-08,FITB,0.01
2024-10-08,ANSS,0.01
2024-10-08,ERIE,0.01
2024-10-08,ICLR,0.01
2024-10-08,ILMN,0.01
2024-10-08,TER,0.01
2024-10-08,UAL,0.01
2024-10-08,EXE,0.01
2024-10-08,LINE,0.01
2024-10-08,FUTU,0.01
2024-10-08,TRMB,0.01
2024-10-08,BSY,0.01
2024-10-08,WING,0.01
2024-10-08,SFM,0.01
2024-10-08,PPC,0.01
2024-10-08,LECO,0.01
2024-10-08,MKTX,0.01
2024-10-08,HAS,0.01
2024-10-08,DOX,0.01
2024-10-08,MBLY,0.01
2024-10-08,RGLD,0.01
2024-10-08,SOFI,0.01
2024-10-08,FYBR,0.01
2024-10-08,LNW,0.01
2024-10-08,FSV,0.01
2024-10-08,DBX,0.01
2024-10-08,TEM,0.01
2024-10-08,NSIT,0.01
2024-10-08,SPSC,0.01
2024-10-08,SAIC,0.01
2024-10-08,CELH,0.01
2024-10-08,VRNS,0.01
2024-10-08,NOVT,0.01
2024-10-08,CWST,0.01
2024-10-08,CSWI,0.01
2024-10-08,GRFS,0.01
2024-10-08,ACIW,0.01
2024-10-08,GGAL,0.01
2024-10-08,UMBF,0.01
2024-10-08,KRYS,0.01
2024-10-08,ICUI,0.01
2024-10-08,SITM,0.01
2024-10-08,LOPE,0.01
2024-10-08,AEIS,0.01
2024-10-08,CRSP,0.01
2024-10-08,IDCC,0.01
2024-10-08,IRDM,0.01
2024-10-08,TGTX,0.01
2024-10-08,BWIN,0.01
2024-10-08,PTEN,0.01
2024-10-08,MGEE,0.01
2024-10-08,SMTC,0.01
2024-10-08,CARG,0.01
2024-10-08,TRMD,0.01
2024-10-08,IOVA,0.01
2024-10-08,PLTK,0.01
2024-10-08,PENN,0.01
2024-10-08,CSQ,0.01
2024-10-08,HWKN,0.01
2024-10-08,AMRX,0.01
2024-10-08,SFNC,0.01
2024-10-08,NMRK,0.01
2024-10-08,INDB,0.01
2024-10-08,HTLF,0.01
2024-10-08,GT,0.01
2024-10-08,CGON,0.01
2024-10-08,WERN,0.01
2024-10-08,AVPT,0.01
2024-10-08,UFPT,0.01
2024-10-08,VEON,0.01
2024-10-08,FIVN,0.01
2024-10-08,CNTA,0.01
2024-10-08,SIMO,0.01
2024-10-08,SPNS,0.01
2024-10-08,MBIN,0.01
2024-10-08,YY,0.01
2024-10-08,OMCL,0.01
2024-10-08,HRMY,0.01
2024-10-08,ENLT,0.01
2024-10-08,TTMI,0.01
2024-10-08,CLOV,0.01
2024-10-08,TRUP,0.01
2024-10-08,SJW,0.01
2024-10-08,OSW,0.01
2024-10-09,AAPL,0.01
2024-10-09,NVDA,0.01
2024-10-09,AMZN,0.01
2024-10-09,META,0.01
2024-10-09,AVGO,0.01
2024-10-09,ADI,0.01
2024-10-09,MU,0.01
2024-10-09,MELI,0.01
2024-10-09,INTC,0.01
2024-10-09,FANG,0.01
2024-10-09,MNST,0.01
2024-10-09,AEP,0.01
2024-10-09,PAYX,0.01
2024-10-09,APP,0.01
2024-10-09,DDOG,0.01
2024-10-09,ALNY,0.01
2024-10-09,FITB,0.01
2024-10-09,ANSS,0.01
2024-10-09,ERIE,0.01
2024-10-09,ICLR,0.01
2024-10-09,ILMN,0.01
2024-10-09,TER,0.01
2024-10-09,EXE,0.01
2024-10-09,UAL,0.01
2024-10-09,LINE,0.01
2024-10-09,FUTU,0.01
2024-10-09,TRMB,0.01
2024-10-09,BSY,0.01
2024-10-09,WING,0.01
2024-10-09,SFM,0.01
2024-10-09,LECO,0.01
2024-10-09,PPC,0.01
2024-10-09,MKTX,0.01
2024-10-09,DOX,0.01
2024-10-09,HAS,0.01
2024-10-09,MBLY,0.01
2024-10-09,SOFI,0.01
2024-10-09,RGLD,0.01
2024-10-09,FYBR,0.01
2024-10-09,LNW,0.01
2024-10-09,FSV,0.01
2024-10-09,DBX,0.01
2024-10-09,TEM,0.01
2024-10-09,SPSC,0.01
2024-10-09,NSIT,0.01
2024-10-09,CELH,0.01
2024-10-09,SAIC,0.01
2024-10-09,VRNS,0.01
2024-10-09,CSWI,0.01
2024-10-09,NOVT,0.01
2024-10-09,CWST,0.01
2024-10-09,GRFS,0.01
2024-10-09,GGAL,0.01
2024-10-09,ACIW,0.01
2024-10-09,UMBF,0.01
2024-10-09,KRYS,0.01
2024-10-09,ICUI,0.01
2024-10-09,SITM,0.01
2024-10-09,AEIS,0.01
2024-10-09,LOPE,0.01
2024-10-09,CRSP,0.01
2024-10-09,IDCC,0.01
2024-10-09,IRDM,0.01
2024-10-09,BWIN,0.01
2024-10-09,TGTX,0.01
2024-10-09,MGEE,0.01
2024-10-09,PTEN,0.01
2024-10-09,CARG,0.01
2024-10-09,SMTC,0.01
2024-10-09,TRMD,0.01
2024-10-09,IOVA,0.01
2024-10-09,PENN,0.01
2024-10-09,CSQ,0.01
2024-10-09,PLTK,0.01
2024-10-09,HWKN,0.01
2024-10-09,SFNC,0.01
2024-10-09,AMRX,0.01
2024-10-09,NMRK,0.01
2024-10-09,INDB,0.01
2024-10-09,HTLF,0.01
2024-10-09,GT,0.01
2024-10-09,CGON,0.01
2024-10-09,AVPT,0.01
2024-10-09,WERN,0.01
2024-10-09,UFPT,0.01
2024-10-09,VEON,0.01
2024-10-09,FIVN,0.01
2024-10-09,MBIN,0.01
2024-10-09,SPNS,0.01
2024-10-09,SIMO,0.01
2024-10-09,CNTA,0.01
2024-10-09,OMCL,0.01
2024-10-09,YY,0.01
2024-10-09,TRUP,0.01
2024-10-09,CLOV,0.01
2024-10-09,HRMY,0.01
2024-10-09,TTMI,0.01
2024-10-09,ENLT,0.01
2024-10-09,SJW,0.01
2024-10-09,SUPN,0.01
2024-10-10,AAPL,0.01
2024-10-10,NVDA,0.01
2024-10-10,AMZN,0.01
2024-10-10,META,0.01
2024-10-10,AVGO,0.01
2024-10-10,MU,0.01
2024-10-10,ADI,0.01
2024-10-10,MELI,0.01
2024-10-10,INTC,0.01
2024-10-10,FANG,0.01
2024-10-10,MNST,0.01
2024-10-10,AEP,0.01
2024-10-10,PAYX,0.01
2024-10-10,APP,0.01
2024-10-10,DDOG,0.01
2024-10-10,ALNY,0.01
2024-10-10,FITB,0.01
2024-10-10,ANSS,0.01
2024-10-10,ERIE,0.01
2024-10-10,ICLR,0.01
2024-10-10,ILMN,0.01
2024-10-10,TER,0.01
2024-10-10,UAL,0.01
2024-10-10,EXE,0.01
2024-10-10,LINE,0.01
2024-10-10,BSY,0.01
2024-10-10,TRMB,0.01
2024-10-10,FUTU,0.01
2024-10-10,WING,0.01
2024-10-10,SFM,0.01
2024-10-10,LECO,0.01
2024-10-10,PPC,0.01
2024-10-10,MKTX,0.01
2024-10-10,DOX,0.01
2024-10-10,HAS,0.01
2024-10-10,MBLY,0.01
2024-10-10,RGLD,0.01
2024-10-10,SOFI,0.01
2024-10-10,FYBR,0.01
2024-10-10,LNW,0.01
2024-10-10,FSV,0.01
2024-10-10,DBX,0.01
2024-10-10,CELH,0.01
2024-10-10,SPSC,0.01
2024-10-10,TEM,0.01
2024-10-10,NSIT,0.01
2024-10-10,SAIC,0.01
2024-10-10,VRNS,0.01
2024-10-10,CWST,0.01
2024-10-10,CSWI,0.01
2024-10-10,NOVT,0.01
2024-10-10,GRFS,0.01
2024-10-10,GGAL,0.01
2024-10-10,ACIW,0.01
2024-10-10,UMBF,0.01
2024-10-10,KRYS,0.01
2024-10-10,ICUI,0.01
2024-10-10,SITM,0.01
2024-10-10,AEIS,0.01
2024-10-10,LOPE,0.01
2024-10-10,CRSP,0.01
2024-10-10,IDCC,0.01
2024-10-10,IRDM,0.01
2024-10-10,BWIN,0.01
2024-10-10,TGTX,0.01
2024-10-10,MGEE,0.01
2024-10-10,SMTC,0.01
2024-10-10,PTEN,0.01
2024-10-10,CARG,0.01
2024-10-10,TRMD,0.01
2024-10-10,IOVA,0.01
2024-10-10,CSQ,0.01
2024-10-10,PENN,0.01
2024-10-10,PLTK,0.01
2024-10-10,SFNC,0.01
2024-10-10,HWKN,0.01
2024-10-10,AMRX,0.01
2024-10-10,INDB,0.01
2024-10-10,GT,0.01
2024-10-10,HTLF,0.01
2024-10-10,NMRK,0.01
2024-10-10,UFPT,0.01
2024-10-10,AVPT,0.01
2024-10-10,CGON,0.01
2024-10-10,FIVN,0.01
2024-10-10,WERN,0.01
2024-10-10,VEON,0.01
2024-10-10,MBIN,0.01
2024-10-10,SIMO,0.01
2024-10-10,CNTA,0.01
2024-10-10,SPNS,0.01
2024-10-10,YY,0.01
2024-10-10,TRUP,0.01
2024-10-10,HRMY,0.01
2024-10-10,CLOV,0.01
2024-10-10,OMCL,0.01
2024-10-10,TTMI,0.01
2024-10-10,ENLT,0.01
2024-10-10,SJW,0.01
2024-10-10,KNSA,0.01
2024-10-11,AAPL,0.01
2024-10-11,NVDA,0.01
2024-10-11,AMZN,0.01
2024-10-11,META,0.01
2024-10-11,AVGO,0.01
2024-10-11,MU,0.01
2024-10-11,ADI,0.01
2024-10-11,MELI,0.01
2024-10-11,INTC,0.01
2024-10-11,FANG,0.01
2024-10-11,MNST,0.01
2024-10-11,AEP,0.01
2024-10-11,PAYX,0.01
2024-10-11,APP,0.01
2024-10-11,DDOG,0.01
2024-10-11,ALNY,0.01
2024-10-11,FITB,0.01
2024-10-11,ANSS,0.01
2024-10-11,ERIE,0.01
2024-10-11,ICLR,0.01
2024-10-11,ILMN,0.01
2024-10-11,TER,0.01
2024-10-11,UAL,0.01
2024-10-11,EXE,0.01
2024-10-11,LINE,0.01
2024-10-11,TRMB,0.01
2024-10-11,FUTU,0.01
2024-10-11,BSY,0.01
2024-10-11,WING,0.01
2024-10-11,SFM,0.01
2024-10-11,LECO,0.01
2024-10-11,PPC,0.01
2024-10-11,MKTX,0.01
2024-10-11,MBLY,0.01
2024-10-11,DOX,0.01
2024-10-11,HAS,0.01
2024-10-11,SOFI,0.01
2024-10-11,RGLD,0.01
2024-10-11,FYBR,0.01
2024-10-11,LNW,0.01
2024-10-11,FSV,0.01
2024-10-11,DBX,0.01
2024-10-11,CELH,0.01
2024-10-11,TEM,0.01
2024-10-11,SPSC,0.01
2024-10-11,SAIC,0.01
2024-10-11,NSIT,0.01
2024-10-11,VRNS,0.01
2024-10-11,CSWI,0.01
2024-10-11,CWST,0.01
2024-10-11,NOVT,0.01
2024-10-11,GGAL,0.01
2024-10-11,GRFS,0.01
2024-10-11,ACIW,0.01
2024-10-11,UMBF,0.01
2024-10-11,KRYS,0.01
2024-10-11,ICUI,0.01
2024-10-11,SITM,0.01
2024-10-11,AEIS,0.01
2024-10-11,CRSP,0.01
2024-10-11,LOPE,0.01
2024-10-11,IDCC,0.01
2024-10-11,IRDM,0.01
2024-10-11,BWIN,0.01
2024-10-11,TGTX,0.01
2024-10-11,SMTC,0.01
2024-10-11,MGEE,0.01
2024-10-11,PTEN,0.01
2024-10-11,CARG,0.01
2024-10-11,TRMD,0.01
2024-10-11,IOVA,0.01
2024-10-11,PENN,0.01
2024-10-11,CSQ,0.01
2024-10-11,SFNC,0.01
2024-10-11,PLTK,0.01
2024-10-11,HWKN,0.01
2024-10-11,AMRX,0.01
2024-10-11,INDB,0.01
2024-10-11,HTLF,0.01
2024-10-11,NMRK,0.01
2024-10-11,GT,0.01
2024-10-11,CGON,0.01
2024-10-11,UFPT,0.01
2024-10-11,AVPT,0.01
2024-10-11,FIVN,0.01
2024-10-11,WERN,0.01
2024-10-11,VEON,0.01
2024-10-11,YY,0.01
2024-10-11,TRUP,0.01
2024-10-11,CNTA,0.01
2024-10-11,MBIN,0.01
2024-10-11,SPNS,0.01
2024-10-11,CLOV,0.01
2024-10-11,SIMO,0.01
2024-10-11,HRMY,0.01
2024-10-11,OMCL,0.01
2024-10-11,TTMI,0.01
2024-10-11,KNSA,0.01
2024-10-11,SJW,0.01
2024-10-11,ENLT,0.01
2024-10-14,AAPL,0.01
2024-10-14,NVDA,0.01
2024-10-14,AMZN,0.01
2024-10-14,META,0.01
2024-10-14,AVGO,0.01
2024-10-14,MU,0.01
2024-10-14,ADI,0.01
2024-10-14,MELI,0.01
2024-10-14,INTC,0.01
2024-10-14,FANG,0.01
2024-10-14,MNST,0.01
2024-10-14,AEP,0.01
2024-10-14,PAYX,0.01
2024-10-14,APP,0.01
2024-10-14,DDOG,0.01
2024-10-14,ALNY,0.01
2024-10-14,FITB,0.01
2024-10-14,ANSS,0.01
2024-10-14,ERIE,0.01
2024-10-14,ICLR,0.01
2024-10-14,ILMN,0.01
2024-10-14,TER,0.01
2024-10-14,UAL,0.01
2024-10-14,EXE,0.01
2024-10-14,LINE,0.01
2024-10-14,BSY,0.01
2024-10-14,TRMB,0.01
2024-10-14,FUTU,0.01
2024-10-14,WING,0.01
2024-10-14,SFM,0.01
2024-10-14,LECO,0.01
2024-10-14,MKTX,0.01
2024-10-14,SOFI,0.01
2024-10-14,PPC,0.01
2024-10-14,MBLY,0.01
2024-10-14,DOX,0.01
2024-10-14,HAS,0.01
2024-10-14,RGLD,0.01
2024-10-14,FYBR,0.01
2024-10-14,LNW,0.01
2024-10-14,FSV,0.01
2024-10-14,DBX,0.01
2024-10-14,CELH,0.01
2024-10-14,TEM,0.01
2024-10-14,SPSC,0.01
2024-10-14,SAIC,0.01
2024-10-14,NSIT,0.01
2024-10-14,VRNS,0.01
2024-10-14,CSWI,0.01
2024-10-14,CWST,0.01
2024-10-14,NOVT,0.01
2024-10-14,GGAL,0.01
2024-10-14,GRFS,0.01
2024-10-14,ACIW,0.01
2024-10-14,UMBF,0.01
2024-10-14,KRYS,0.01
2024-10-14,ICUI,0.01
2024-10-14,SITM,0.01
2024-10-14,AEIS,0.01
2024-10-14,CRSP,0.01
2024-10-14,LOPE,0.01
2024-10-14,IDCC,0.01
2024-10-14,IRDM,0.01
2024-10-14,TGTX,0.01
2024-10-14,BWIN,0.01
2024-10-14,SMTC,0.01
2024-10-14,MGEE,0.01
2024-10-14,PTEN,0.01
2024-10-14,CARG,0.01
2024-10-14,TRMD,0.01
2024-10-14,IOVA,0.01
2024-10-14,CSQ,0.01
2024-10-14,SFNC,0.01
2024-10-14,PENN,0.01
2024-10-14,PLTK,0.01
2024-10-14,HWKN,0.01
2024-10-14,AMRX,0.01
2024-10-14,INDB,0.01
2024-10-14,HTLF,0.01
2024-10-14,NMRK,0.01
2024-10-14,CGON,0.01
2024-10-14,UFPT,0.01
2024-10-14,GT,0.01
2024-10-14,AVPT,0.01
2024-10-14,FIVN,0.01
2024-10-14,WERN,0.01
2024-10-14,CNTA,0.01
2024-10-14,VEON,0.01
2024-10-14,TRUP,0.01
2024-10-14,MBIN,0.01
2024-10-14,CLOV,0.01
2024-10-14,YY,0.01
2024-10-14,HRMY,0.01
2024-10-14,SPNS,0.01
2024-10-14,SIMO,0.01
2024-10-14,OMCL,0.01
2024-10-14,TTMI,0.01
2024-10-14,SJW,0.01
2024-10-14,KNSA,0.01
2024-10-14,ENLT,0.01
2024-10-15,AAPL,0.01
2024-10-15,NVDA,0.01
2024-10-15,AMZN,0.01
2024-10-15,META,0.01
2024-10-15,AVGO,0.01
2024-10-15,MU,0.01
2024-10-15,ADI,0.01
2024-10-15,MELI,0.01
2024-10-15,INTC,0.01
2024-10-15,MNST,0.01
2024-10-15,AEP,0.01
2024-10-15,FANG,0.01
2024-10-15,PAYX,0.01
2024-10-15,APP,0.01
2024-10-15,DDOG,0.01
2024-10-15,ALNY,0.01
2024-10-15,FITB,0.01
2024-10-15,ANSS,0.01
2024-10-15,ERIE,0.01
2024-10-15,ICLR,0.01
2024-10-15,ILMN,0.01
2024-10-15,UAL,0.01
2024-10-15,TER,0.01
2024-10-15,EXE,0.01
2024-10-15,LINE,0.01
2024-10-15,BSY,0.01
2024-10-15,TRMB,0.01
2024-10-15,FUTU,0.01
2024-10-15,SFM,0.01
2024-10-15,WING,0.01
2024-10-15,LECO,0.01
2024-10-15,MKTX,0.01
2024-10-15,SOFI,0.01
2024-10-15,PPC,0.01
2024-10-15,DOX,0.01
2024-10-15,HAS,0.01
2024-10-15,MBLY,0.01
2024-10-15,RGLD,0.01
2024-10-15,FYBR,0.01
2024-10-15,FSV,0.01
2024-10-15,LNW,0.01
2024-10-15,DBX,0.01
2024-10-15,CELH,0.01
2024-10-15,SPSC,0.01
2024-10-15,SAIC,0.01
2024-10-15,TEM,0.01
2024-10-15,NSIT,0.01
2024-10-15,VRNS,0.01
2024-10-15,CWST,0.01
2024-10-15,CSWI,0.01
2024-10-15,NOVT,0.01
2024-10-15,GGAL,0.01
2024-10-15,GRFS,0.01
2024-10-15,ACIW,0.01
2024-10-15,UMBF,0.01
2024-10-15,KRYS,0.01
2024-10-15,ICUI,0.01
2024-10-15,CRSP,0.01
2024-10-15,SITM,0.01
2024-10-15,AEIS,0.01
2024-10-15,LOPE,0.01
2024-10-15,IDCC,0.01
2024-10-15,TGTX,0.01
2024-10-15,IRDM,0.01
2024-10-15,BWIN,0.01
2024-10-15,MGEE,0.01
2024-10-15,SMTC,0.01
2024-10-15,CARG,0.01
2024-10-15,PTEN,0.01
2024-10-15,IOVA,0.01
2024-10-15,SFNC,0.01
2024-10-15,TRMD,0.01
2024-10-15,PENN,0.01
2024-10-15,CSQ,0.01
2024-10-15,PLTK,0.01
2024-10-15,HWKN,0.01
2024-10-15,AMRX,0.01
2024-10-15,INDB,0.01
2024-10-15,HTLF,0.01
2024-10-15,NMRK,0.01
2024-10-15,CGON,0.01
2024-10-15,UFPT,0.01
2024-10-15,GT,0.01
2024-10-15,AVPT,0.01
2024-10-15,FIVN,0.01
2024-10-15,WERN,0.01
2024-10-15,TRUP,0.01
2024-10-15,VEON,0.01
2024-10-15,MBIN,0.01
2024-10-15,CNTA,0.01
2024-10-15,CLOV,0.01
2024-10-15,HRMY,0.01
2024-10-15,SPNS,0.01
2024-10-15,TTMI,0.01
2024-10-15,OMCL,0.01
2024-10-15,YY,0.01
2024-10-15,SJW,0.01
2024-10-15,SIMO,0.01
2024-10-15,KNSA,0.01
2024-10-15,TFIN,0.01
2024-10-16,AAPL,0.01
2024-10-16,NVDA,0.01
2024-10-16,AMZN,0.01
2024-10-16,META,0.01
2024-10-16,AVGO,0.01
2024-10-16,MU,0.01
2024-10-16,ADI,0.01
2024-10-16,MELI,0.01
2024-10-16,INTC,0.01
2024-10-16,MNST,0.01
2024-10-16,AEP,0.01
2024-10-16,FANG,0.01
2024-10-16,PAYX,0.01
2024-10-16,APP,0.01
2024-10-16,DDOG,0.01
2024-10-16,ALNY,0.01
2024-10-16,FITB,0.01
2024-10-16,ANSS,0.01
2024-10-16,ERIE,0.01
2024-10-16,ICLR,0.01
2024-10-16,UAL,0.01
2024-10-16,ILMN,0.01
2024-10-16,TER,0.01
2024-10-16,EXE,0.01
2024-10-16,LINE,0.01
2024-10-16,BSY,0.01
2024-10-16,TRMB,0.01
2024-10-16,FUTU,0.01
2024-10-16,SFM,0.01
2024-10-16,WING,0.01
2024-10-16,MKTX,0.01
2024-10-16,LECO,0.01
2024-10-16,PPC,0.01
2024-10-16,SOFI,0.01
2024-10-16,DOX,0.01
2024-10-16,HAS,0.01
2024-10-16,MBLY,0.01
2024-10-16,RGLD,0.01
2024-10-16,FYBR,0.01
2024-10-16,LNW,0.01
2024-10-16,FSV,0.01
2024-10-16,DBX,0.01
2024-10-16,CELH,0.01
2024-10-16,TEM,0.01
2024-10-16,SPSC,0.01
2024-10-16,SAIC,0.01
2024-10-16,NSIT,0.01
2024-10-16,CWST,0.01
2024-10-16,VRNS,0.01
2024-10-16,CSWI,0.01
2024-10-16,NOVT,0.01
2024-10-16,GGAL,0.01
2024-10-16,GRFS,0.01
2024-10-16,ACIW,0.01
2024-10-16,UMBF,0.01
2024-10-16,KRYS,0.01
2024-10-16,ICUI,0.01
2024-10-16,CRSP,0.01
2024-10-16,AEIS,0.01
2024-10-16,SITM,0.01
2024-10-16,LOPE,0.01
2024-10-16,IDCC,0.01
2024-10-16,TGTX,0.01
2024-10-16,IRDM,0.01
2024-10-16,BWIN,0.01
2024-10-16,SMTC,0.01
2024-10-16,CARG,0.01
2024-10-16,PTEN,0.01
2024-10-16,SFNC,0.01
2024-10-16,TRMD,0.01
2024-10-16,PENN,0.01
2024-10-16,IOVA,0.01
2024-10-16,CSQ,0.01
2024-10-16,PLTK,0.01
2024-10-16,HWKN,0.01
2024-10-16,INDB,0.01
2024-10-16,AMRX,0.01
2024-10-16,HTLF,0.01
2024-10-16,NMRK,0.01
2024-10-16,CGON,0.01
2024-10-16,UFPT,0.01
2024-10-16,GT,0.01
2024-10-16,WERN,0.01
2024-10-16,AVPT,0.01
2024-10-16,TRUP,0.01
2024-10-16,FIVN,0.01
2024-10-16,CLOV,0.01
2024-10-16,VEON,0.01
2024-10-16,CNTA,0.01
2024-10-16,TTMI,0.01
2024-10-16,MBIN,0.01
2024-10-16,SPNS,0.01
2024-10-16,HRMY,0.01
2024-10-16,SJW,0.01
2024-10-16,OMCL,0.01
2024-10-16,TFIN,0.01
2024-10-16,YY,0.01
2024-10-16,SIMO,0.01
2024-10-16,ENLT,0.01
2024-10-16,KNSA,0.01
2024-10-17,AAPL,0.01
2024-10-17,NVDA,0.01
2024-10-17,AMZN,0.01
2024-10-17,META,0.01
2024-10-17,AVGO,0.01
2024-10-17,MU,0.01
2024-10-17,ADI,0.01
2024-10-17,MELI,0.01
2024-10-17,INTC,0.01
2024-10-17,MNST,0.01
2024-10-17,FANG,0.01
2024-10-17,AEP,0.01
2024-10-17,PAYX,0.01
2024-10-17,APP,0.01
2024-10-17,DDOG,0.01
2024-10-17,ALNY,0.01
2024-10-17,FITB,0.01
2024-10-17,ANSS,0.01
2024-10-17,ERIE,0.01
2024-10-17,ICLR,0.01
2024-10-17,UAL,0.01
2024-10-17,ILMN,0.01
2024-10-17,TER,0.01
2024-10-17,EXE,0.01
2024-10-17,LINE,0.01
2024-10-17,BSY,0.01
2024-10-17,TRMB,0.01
2024-10-17,FUTU,0.01
2024-10-17,SFM,0.01
2024-10-17,LECO,0.01
2024-10-17,MKTX,0.01
2024-10-17,WING,0.01
2024-10-17,PPC,0.01
2024-10-17,SOFI,0.01
2024-10-17,DOX,0.01
2024-10-17,MBLY,0.01
2024-10-17,HAS,0.01
2024-10-17,RGLD,0.01
2024-10-17,FYBR,0.01
2024-10-17,FSV,0.01
2024-10-17,LNW,0.01
2024-10-17,DBX,0.01
2024-10-17,CELH,0.01
2024-10-17,TEM,0.01
2024-10-17,SAIC,0.01
2024-10-17,SPSC,0.01
2024-10-17,NSIT,0.01
2024-10-17,CWST,0.01
2024-10-17,VRNS,0.01
2024-10-17,CSWI,0.01
2024-10-17,NOVT,0.01
2024-10-17,GRFS,0.01
2024-10-17,GGAL,0.01
2024-10-17,UMBF,0.01
2024-10-17,ACIW,0.01
2024-10-17,KRYS,0.01
2024-10-17,ICUI,0.01
2024-10-17,AEIS,0.01
2024-10-17,CRSP,0.01
2024-10-17,SITM,0.01
2024-10-17,IRDM,0.01
2024-10-17,LOPE,0.01
2024-10-17,IDCC,0.01
2024-10-17,TGTX,0.01
2024-10-17,BWIN,0.01
2024-10-17,SMTC,0.01
2024-10-17,CARG,0.01
2024-10-17,PTEN,0.01
2024-10-17,IOVA,0.01
2024-10-17,SFNC,0.01
2024-10-17,PENN,0.01
2024-10-17,TRMD,0.01
2024-10-17,PLTK,0.01
2024-10-17,CSQ,0.01
2024-10-17,HWKN,0.01
2024-10-17,INDB,0.01
2024-10-17,AMRX,0.01
2024-10-17,HTLF,0.01
2024-10-17,NMRK,0.01
2024-10-17,CGON,0.01
2024-10-17,GT,0.01
2024-10-17,UFPT,0.01
2024-10-17,TRUP,0.01
2024-10-17,WERN,0.01
2024-10-17,AVPT,0.01
2024-10-17,FIVN,0.01
2024-10-17,VEON,0.01
2024-10-17,TTMI,0.01
2024-10-17,CLOV,0.01
2024-10-17,MBIN,0.01
2024-10-17,TFIN,0.01
2024-10-17,CNTA,0.01
2024-10-17,SPNS,0.01
2024-10-17,HRMY,0.01
2024-10-17,SJW,0.01
2024-10-17,ENLT,0.01
2024-10-17,KNSA,0.01
2024-10-17,OMCL,0.01
2024-10-17,SIMO,0.01
2024-10-17,YY,0.01
2024-10-18,AAPL,0.01
2024-10-18,NVDA,0.01
2024-10-18,AMZN,0.01
2024-10-18,META,0.01
2024-10-18,AVGO,0.01
2024-10-18,MU,0.01
2024-10-18,ADI,0.01
2024-10-18,MELI,0.01
2024-10-18,INTC,0.01
2024-10-18,MNST,0.01
2024-10-18,FANG,0.01
2024-10-18,AEP,0.01
2024-10-18,PAYX,0.01
2024-10-18,APP,0.01
2024-10-18,DDOG,0.01
2024-10-18,ALNY,0.01
2024-10-18,FITB,0.01
2024-10-18,ANSS,0.01
2024-10-18,ERIE,0.01
2024-10-18,ICLR,0.01
2024-10-18,UAL,0.01
2024-10-18,ILMN,0.01
2024-10-18,TER,0.01
2024-10-18,EXE,0.01
2024-10-18,LINE,0.01
2024-10-18,BSY,0.01
2024-10-18,TRMB,0.01
2024-10-18,FUTU,0.01
2024-10-18,SFM,0.01
2024-10-18,LECO,0.01
2024-10-18,MKTX,0.01
2024-10-18,WING,0.01
2024-10-18,SOFI,0.01
2024-10-18,PPC,0.01
2024-10-18,DOX,0.01
2024-10-18,MBLY,0.01
2024-10-18,HAS,0.01
2024-10-18,RGLD,0.01
2024-10-18,FYBR,0.01
2024-10-18,FSV,0.01
2024-10-18,DBX,0.01
2024-10-18,LNW,0.01
2024-10-18,CELH,0.01
2024-10-18,TEM,0.01
2024-10-18,SAIC,0.01
2024-10-18,SPSC,0.01
2024-10-18,NSIT,0.01
2024-10-18,VRNS,0.01
2024-10-18,CWST,0.01
2024-10-18,CSWI,0.01
2024-10-18,NOVT,0.01
2024-10-18,GGAL,0.01
2024-10-18,GRFS,0.01
2024-10-18,UMBF,0.01
2024-10-18,ACIW,0.01
2024-10-18,KRYS,0.01
2024-10-18,ICUI,0.01
2024-10-18,CRSP,0.01
2024-10-18,AEIS,0.01
2024-10-18,SITM,0.01
2024-10-18,LOPE,0.01
2024-10-18,IDCC,0.01
2024-10-18,BWIN,0.01
2024-10-18,TGTX,0.01
2024-10-18,IRDM,0.01
2024-10-18,WDFC,0.01
2024-10-18,SMTC,0.01
2024-10-18,CARG,0.01
2024-10-18,PTEN,0.01
2024-10-18,IOVA,0.01
2024-10-18,SFNC,0.01
2024-10-18,PENN,0.01
2024-10-18,TRMD,0.01
2024-10-18,CSQ,0.01
2024-10-18,PLTK,0.01
2024-10-18,AMRX,0.01
2024-10-18,HWKN,0.01
2024-10-18,INDB,0.01
2024-10-18,HTLF,0.01
2024-10-18,NMRK,0.01
2024-10-18,GT,0.01
2024-10-18,CGON,0.01
2024-10-18,WERN,0.01
2024-10-18,UFPT,0.01
2024-10-18,TRUP,0.01
2024-10-18,FIVN,0.01
2024-10-18,AVPT,0.01
2024-10-18,TFIN,0.01
2024-10-18,TTMI,0.01
2024-10-18,VEON,0.01
2024-10-18,CNTA,0.01
2024-10-18,MBIN,0.01
2024-10-18,SPNS,0.01
2024-10-18,HRMY,0.01
2024-10-18,CLOV,0.01
2024-10-18,SJW,0.01
2024-10-18,ENLT,0.01
2024-10-18,YY,0.01
2024-10-18,SUPN,0.01
2024-10-18,OMCL,0.01
2024-10-21,AAPL,0.01
2024-10-21,NVDA,0.01
2024-10-21,AMZN,0.01
2024-10-21,META,0.01
2024-10-21,AVGO,0.01
2024-10-21,MU,0.01
2024-10-21,ADI,0.01
2024-10-21,MELI,0.01
2024-10-21,INTC,0.01
2024-10-21,MNST,0.01
2024-10-21,FANG,0.01
2024-10-21,AEP,0.01
2024-10-21,APP,0.01
2024-10-21,PAYX,0.01
2024-10-21,DDOG,0.01
2024-10-21,ALNY,0.01
2024-10-21,FITB,0.01
2024-10-21,ANSS,0.01
2024-10-21,ERIE,0.01
2024-10-21,UAL,0.01
2024-10-21,ICLR,0.01
2024-10-21,ILMN,0.01
2024-10-21,TER,0.01
2024-10-21,EXE,0.01
2024-10-21,LINE,0.01
2024-10-21,BSY,0.01
2024-10-21,TRMB,0.01
2024-10-21,FUTU,0.01
2024-10-21,SFM,0.01
2024-10-21,LECO,0.01
2024-10-21,SOFI,0.01
2024-10-21,MKTX,0.01
2024-10-21,WING,0.01
2024-10-21,MBLY,0.01
2024-10-21,PPC,0.01
2024-10-21,DOX,0.01
2024-10-21,HAS,0.01
2024-10-21,RGLD,0.01
2024-10-21,FYBR,0.01
2024-10-21,DBX,0.01
2024-10-21,FSV,0.01
2024-10-21,LNW,0.01
2024-10-21,CELH,0.01
2024-10-21,TEM,0.01
2024-10-21,SAIC,0.01
2024-10-21,SPSC,0.01
2024-10-21,NSIT,0.01
2024-10-21,CWST,0.01
2024-10-21,VRNS,0.01
2024-10-21,CSWI,0.01
2024-10-21,NOVT,0.01
2024-10-21,GGAL,0.01
2024-10-21,GRFS,0.01
2024-10-21,UMBF,0.01
2024-10-21,KRYS,0.01
2024-10-21,ACIW,0.01
2024-10-21,ICUI,0.01
2024-10-21,SITM,0.01
2024-10-21,CRSP,0.01
2024-10-21,AEIS,0.01
2024-10-21,LOPE,0.01
2024-10-21,IDCC,0.01
2024-10-21,TGTX,0.01
2024-10-21,BWIN,0.01
2024-10-21,WDFC,0.01
2024-10-21,IRDM,0.01
2024-10-21,SMTC,0.01
2024-10-21,CARG,0.01
2024-10-21,PTEN,0.01
2024-10-21,IOVA,0.01
2024-10-21,SFNC,0.01
2024-10-21,TRMD,0.01
2024-10-21,CSQ,0.01
2024-10-21,PENN,0.01
2024-10-21,PLTK,0.01
2024-10-21,INDB,0.01
2024-10-21,AMRX,0.01
2024-10-21,HWKN,0.01
2024-10-21,HTLF,0.01
2024-10-21,NMRK,0.01
2024-10-21,CGON,0.01
2024-10-21,GT,0.01
2024-10-21,FIVN,0.01
2024-10-21,WERN,0.01
2024-10-21,TRUP,0.01
2024-10-21,AVPT,0.01
2024-10-21,UFPT,0.01
2024-10-21,VEON,0.01
2024-10-21,SPNS,0.01
2024-10-21,TFIN,0.01
2024-10-21,CNTA,0.01
2024-10-21,CLOV,0.01
2024-10-21,HRMY,0.01
2024-10-21,MBIN,0.01
2024-10-21,ENLT,0.01
2024-10-21,TTMI,0.01
2024-10-21,SJW,0.01
2024-10-21,SIMO,0.01
2024-10-21,YY,0.01
2024-10-21,OMCL,0.01
2024-10-22,AAPL,0.01
2024-10-22,NVDA,0.01
2024-10-22,AMZN,0.01
2024-10-22,META,0.01
2024-10-22,AVGO,0.01
2024-10-22,MU,0.01
2024-10-22,ADI,0.01
2024-10-22,MELI,0.01
2024-10-22,INTC,0.01
2024-10-22,MNST,0.01
2024-10-22,FANG,0.01
2024-10-22,AEP,0.01
2024-10-22,APP,0.01
2024-10-22,PAYX,0.01
2024-10-22,DDOG,0.01
2024-10-22,ALNY,0.01
2024-10-22,FITB,0.01
2024-10-22,ANSS,0.01
2024-10-22,UAL,0.01
2024-10-22,ERIE,0.01
2024-10-22,ICLR,0.01
2024-10-22,ILMN,0.01
2024-10-22,TER,0.01
2024-10-22,EXE,0.01
2024-10-22,LINE,0.01
2024-10-22,BSY,0.01
2024-10-22,TRMB,0.01
2024-10-22,FUTU,0.01
2024-10-22,SFM,0.01
2024-10-22,SOFI,0.01
2024-10-22,LECO,0.01
2024-10-22,MKTX,0.01
2024-10-22,WING,0.01
2024-10-22,PPC,0.01
2024-10-22,MBLY,0.01
2024-10-22,DOX,0.01
2024-10-22,RGLD,0.01
2024-10-22,HAS,0.01
2024-10-22,FYBR,0.01
2024-10-22,DBX,0.01
2024-10-22,FSV,0.01
2024-10-22,LNW,0.01
2024-10-22,CELH,0.01
2024-10-22,SAIC,0.01
2024-10-22,TEM,0.01
2024-10-22,SPSC,0.01
2024-10-22,NSIT,0.01
2024-10-22,VRNS,0.01
2024-10-22,CWST,0.01
2024-10-22,CSWI,0.01
2024-10-22,NOVT,0.01
2024-10-22,GGAL,0.01
2024-10-22,GRFS,0.01
2024-10-22,UMBF,0.01
2024-10-22,ACIW,0.01
2024-10-22,KRYS,0.01
2024-10-22,ICUI,0.01
2024-10-22,SITM,0.01
2024-10-22,CRSP,0.01
2024-10-22,AEIS,0.01
2024-10-22,LOPE,0.01
2024-10-22,IDCC,0.01
2024-10-22,TGTX,0.01
2024-10-22,WDFC,0.01
2024-10-22,BWIN,0.01
2024-10-22,SMTC,0.01
2024-10-22,CARG,0.01
2024-10-22,IRDM,0.01
2024-10-22,PTEN,0.01
2024-10-22,IOVA,0.01
2024-10-22,SFNC,0.01
2024-10-22,PENN,0.01
2024-10-22,PLTK,0.01
2024-10-22,CSQ,0.01
2024-10-22,TRMD,0.01
2024-10-22,INDB,0.01
2024-10-22,AMRX,0.01
2024-10-22,HWKN,0.01
2024-10-22,HTLF,0.01
2024-10-22,CGON,0.01
2024-10-22,NMRK,0.01
2024-10-22,GT,0.01
2024-10-22,WERN,0.01
2024-10-22,FIVN,0.01
2024-10-22,AVPT,0.01
2024-10-22,TRUP,0.01
2024-10-22,VEON,0.01
2024-10-22,UFPT,0.01
2024-10-22,TFIN,0.01
2024-10-22,SPNS,0.01
2024-10-22,MBIN,0.01
2024-10-22,CNTA,0.01
2024-10-22,HRMY,0.01
2024-10-22,YY,0.01
2024-10-22,CLOV,0.01
2024-10-22,TTMI,0.01
2024-10-22,SJW,0.01
2024-10-22,SIMO,0.01
2024-10-22,KNSA,0.01
2024-10-22,OMCL,0.01
2024-10-23,AAPL,0.01
2024-10-23,NVDA,0.01
2024-10-23,AMZN,0.01
2024-10-23,META,0.01
2024-10-23,AVGO,0.01
2024-10-23,MU,0.01
2024-10-23,ADI,0.01
2024-10-23,MELI,0.01
2024-10-23,INTC,0.01
2024-10-23,MNST,0.01
2024-10-23,AEP,0.01
2024-10-23,APP,0.01
2024-10-23,FANG,0.01
2024-10-23,PAYX,0.01
2024-10-23,DDOG,0.01
2024-10-23,ALNY,0.01
2024-10-23,FITB,0.01
2024-10-23,ANSS,0.01
2024-10-23,ERIE,0.01
2024-10-23,UAL,0.01
2024-10-23,ICLR,0.01
2024-10-23,ILMN,0.01
2024-10-23,TER,0.01
2024-10-23,EXE,0.01
2024-10-23,LINE,0.01
2024-10-23,BSY,0.01
2024-10-23,TRMB,0.01
2024-10-23,FUTU,0.01
2024-10-23,SFM,0.01
2024-10-23,SOFI,0.01
2024-10-23,LECO,0.01
2024-10-23,MKTX,0.01
2024-10-23,PPC,0.01
2024-10-23,WING,0.01
2024-10-23,DOX,0.01
2024-10-23,MBLY,0.01
2024-10-23,RGLD,0.01
2024-10-23,HAS,0.01
2024-10-23,FYBR,0.01
2024-10-23,FSV,0.01
2024-10-23,LNW,0.01
2024-10-23,DBX,0.01
2024-10-23,SAIC,0.01
2024-10-23,SPSC,0.01
2024-10-23,CELH,0.01
2024-10-23,TEM,0.01
2024-10-23,NSIT,0.01
2024-10-23,CWST,0.01
2024-10-23,VRNS,0.01
2024-10-23,CSWI,0.01
2024-10-23,NOVT,0.01
2024-10-23,GRFS,0.01
2024-10-23,GGAL,0.01
2024-10-23,UMBF,0.01
2024-10-23,ACIW,0.01
2024-10-23,KRYS,0.01
2024-10-23,ICUI,0.01
2024-10-23,SITM,0.01
2024-10-23,LOPE,0.01
2024-10-23,AEIS,0.01
2024-10-23,CRSP,0.01
2024-10-23,IDCC,0.01
2024-10-23,TGTX,0.01
2024-10-23,WDFC,0.01
2024-10-23,BWIN,0.01
2024-10-23,IRDM,0.01
2024-10-23,SMTC,0.01
2024-10-23,CARG,0.01
2024-10-23,PTEN,0.01
2024-10-23,IOVA,0.01
2024-10-23,SFNC,0.01
2024-10-23,PENN,0.01
2024-10-23,PLTK,0.01
2024-10-23,CSQ,0.01
2024-10-23,INDB,0.01
2024-10-23,TRMD,0.01
2024-10-23,AMRX,0.01
2024-10-23,HWKN,0.01
2024-10-23,HTLF,0.01
2024-10-23,NMRK,0.01
2024-10-23,CGON,0.01
2024-10-23,GT,0.01
2024-10-23,WERN,0.01
2024-10-23,VEON,0.01
2024-10-23,FIVN,0.01
2024-10-23,TRUP,0.01
2024-10-23,AVPT,0.01
2024-10-23,UFPT,0.01
2024-10-23,TFIN,0.01
2024-10-23,MBIN,0.01
2024-10-23,SPNS,0.01
2024-10-23,CNTA,0.01
2024-10-23,HRMY,0.01
2024-10-23,YY,0.01
2024-10-23,SJW,0.01
2024-10-23,KNSA,0.01
2024-10-23,ENLT,0.01
2024-10-23,TTMI,0.01
2024-10-23,CLOV,0.01
2024-10-23,SIMO,0.01
2024-10-24,AAPL,0.01
2024-10-24,NVDA,0.01
2024-10-24,AMZN,0.01
2024-10-24,META,0.01
2024-10-24,AVGO,0.01
2024-10-24,MU,0.01
2024-10-24,ADI,0.01
2024-10-24,MELI,0.01
2024-10-24,INTC,0.01
2024-10-24,MNST,0.01
2024-10-24,APP,0.01
2024-10-24,FANG,0.01
2024-10-24,AEP,0.01
2024-10-24,PAYX,0.01
2024-10-24,DDOG,0.01
2024-10-24,ALNY,0.01
2024-10-24,FITB,0.01
2024-10-24,ANSS,0.01
2024-10-24,UAL,0.01
2024-10-24,ERIE,0.01
2024-10-24,ILMN,0.01
2024-10-24,EXE,0.01
2024-10-24,ICLR,0.01
2024-10-24,TER,0.01
2024-10-24,LINE,0.01
2024-10-24,TRMB,0.01
2024-10-24,BSY,0.01
2024-10-24,FUTU,0.01
2024-10-24,SFM,0.01
2024-10-24,SOFI,0.01
2024-10-24,PPC,0.01
2024-10-24,LECO,0.01
2024-10-24,MKTX,0.01
2024-10-24,WING,0.01
2024-10-24,DOX,0.01
2024-10-24,MBLY,0.01
2024-10-24,RGLD,0.01
2024-10-24,HAS,0.01
2024-10-24,FYBR,0.01
2024-10-24,FSV,0.01
2024-10-24,LNW,0.01
2024-10-24,DBX,0.01
2024-10-24,CELH,0.01
2024-10-24,SPSC,0.01
2024-10-24,SAIC,0.01
2024-10-24,TEM,0.01
2024-10-24,NSIT,0.01
2024-10-24,CWST,0.01
2024-10-24,VRNS,0.01
2024-10-24,GGAL,0.01
2024-10-24,NOVT,0.01
2024-10-24,CSWI,0.01
2024-10-24,GRFS,0.01
2024-10-24,UMBF,0.01
2024-10-24,ACIW,0.01
2024-10-24,KRYS,0.01
2024-10-24,ICUI,0.01
2024-10-24,SITM,0.01
2024-10-24,CRSP,0.01
2024-10-24,AEIS,0.01
2024-10-24,LOPE,0.01
2024-10-24,IDCC,0.01
2024-10-24,WDFC,0.01
2024-10-24,TGTX,0.01
2024-10-24,BWIN,0.01
2024-10-24,CARG,0.01
2024-10-24,SMTC,0.01
2024-10-24,IRDM,0.01
2024-10-24,IOVA,0.01
2024-10-24,PTEN,0.01
2024-10-24,SFNC,0.01
2024-10-24,PENN,0.01
2024-10-24,PLTK,0.01
2024-10-24,CSQ,0.01
2024-10-24,INDB,0.01
2024-10-24,NMRK,0.01
2024-10-24,TRMD,0.01
2024-10-24,AMRX,0.01
2024-10-24,HWKN,0.01
2024-10-24,HTLF,0.01
2024-10-24,GT,0.01
2024-10-24,CGON,0.01
2024-10-24,FIVN,0.01
2024-10-24,WERN,0.01
2024-10-24,AVPT,0.01
2024-10-24,TRUP,0.01
2024-10-24,VEON,0.01
2024-10-24,UFPT,0.01
2024-10-24,TFIN,0.01
2024-10-24,SPNS,0.01
2024-10-24,MBIN,0.01
2024-10-24,CNTA,0.01
2024-10-24,TTMI,0.01
2024-10-24,HRMY,0.01
2024-10-24,YY,0.01
2024-10-24,KNSA,0.01
2024-10-24,SIMO,0.01
2024-10-24,CLOV,0.01
2024-10-24,ENLT,0.01
2024-10-24,SUPN,0.01
2024-10-25,AAPL,0.01
2024-10-25,NVDA,0.01
2024-10-25,AMZN,0.01
2024-10-25,META,0.01
2024-10-25,AVGO,0.01
2024-10-25,MU,0.01
2024-10-25,ADI,0.01
2024-10-25,MELI,0.01
2024-10-25,INTC,0.01
2024-10-25,MNST,0.01
2024-10-25,APP,0.01
2024-10-25,FANG,0.01
2024-10-25,AEP,0.01
2024-10-25,PAYX,0.01
2024-10-25,DDOG,0.01
2024-10-25,ALNY,0.01
2024-10-25,FITB,0.01
2024-10-25,ANSS,0.01
2024-10-25,UAL,0.01
2024-10-25,ERIE,0.01
2024-10-25,ILMN,0.01
2024-10-25,EXE,0.01
2024-10-25,TER,0.01
2024-10-25,ICLR,0.01
2024-10-25,LINE,0.01
2024-10-25,TRMB,0.01
2024-10-25,BSY,0.01
2024-10-25,FUTU,0.01
2024-10-25,SFM,0.01
2024-10-25,SOFI,0.01
2024-10-25,LECO,0.01
2024-10-25,PPC,0.01
2024-10-25,MKTX,0.01
2024-10-25,WING,0.01
2024-10-25,MBLY,0.01
2024-10-25,DOX,0.01
2024-10-25,RGLD,0.01
2024-10-25,HAS,0.01
2024-10-25,FYBR,0.01
2024-10-25,FSV,0.01
2024-10-25,LNW,0.01
2024-10-25,DBX,0.01
2024-10-25,CELH,0.01
2024-10-25,SAIC,0.01
2024-10-25,NSIT,0.01
2024-10-25,TEM,0.01
2024-10-25,GGAL,0.01
2024-10-25,SPSC,0.01
2024-10-25,VRNS,0.01
2024-10-25,CWST,0.01
2024-10-25,NOVT,0.01
2024-10-25,CSWI,0.01
2024-10-25,GRFS,0.01
2024-10-25,ACIW,0.01
2024-10-25,UMBF,0.01
2024-10-25,KRYS,0.01
2024-10-25,ICUI,0.01
2024-10-25,SITM,0.01
2024-10-25,AEIS,0.01
2024-10-25,CRSP,0.01
2024-10-25,LOPE,0.01
2024-10-25,IDCC,0.01
2024-10-25,TGTX,0.01
2024-10-25,WDFC,0.01
2024-10-25,SMTC,0.01
2024-10-25,BWIN,0.01
2024-10-25,IRDM,0.01
2024-10-25,CARG,0.01
2024-10-25,IOVA,0.01
2024-10-25,PTEN,0.01
2024-10-25,PENN,0.01
2024-10-25,SFNC,0.01
2024-10-25,PLTK,0.01
2024-10-25,CSQ,0.01
2024-10-25,INDB,0.01
2024-10-25,TRMD,0.01
2024-10-25,AMRX,0.01
2024-10-25,NMRK,0.01
2024-10-25,CGON,0.01
2024-10-25,HWKN,0.01
2024-10-25,HTLF,0.01
2024-10-25,GT,0.01
2024-10-25,WERN,0.01
2024-10-25,TRUP,0.01
2024-10-25,AVPT,0.01
2024-10-25,VEON,0.01
2024-10-25,FIVN,0.01
2024-10-25,UFPT,0.01
2024-10-25,TFIN,0.01
2024-10-25,SPNS,0.01
2024-10-25,TTMI,0.01
2024-10-25,CNTA,0.01
2024-10-25,MBIN,0.01
2024-10-25,HRMY,0.01
2024-10-25,KNSA,0.01
2024-10-25,CLOV,0.01
2024-10-25,YY,0.01
2024-10-25,SIMO,0.01
2024-10-25,ENLT,0.01
2024-10-25,SUPN,0.01
2024-10-28,AAPL,0.01
2024-10-28,NVDA,0.01
2024-10-28,AMZN,0.01
2024-10-28,META,0.01
2024-10-28,AVGO,0.01
2024-10-28,MU,0.01
2024-10-28,ADI,0.01
2024-10-28,MELI,0.01
2024-10-28,INTC,0.01
2024-10-28,MNST,0.01
2024-10-28,APP,0.01
2024-10-28,AEP,0.01
2024-10-28,FANG,0.01
2024-10-28,PAYX,0.01
2024-10-28,DDOG,0.01
2024-10-28,ALNY,0.01
2024-10-28,FITB,0.01
2024-10-28,ANSS,0.01
2024-10-28,UAL,0.01
2024-10-28,ERIE,0.01
2024-10-28,ILMN,0.01
2024-10-28,EXE,0.01
2024-10-28,ICLR,0.01
2024-10-28,TER,0.01
2024-10-28,LINE,0.01
2024-10-28,TRMB,0.01
2024-10-28,BSY,0.01
2024-10-28,FUTU,0.01
2024-10-28,SFM,0.01
2024-10-28,SOFI,0.01
2024-10-28,PPC,0.01
2024-10-28,LECO,0.01
2024-10-28,MKTX,0.01
2024-10-28,WING,0.01
2024-10-28,MBLY,0.01
2024-10-28,DOX,0.01
2024-10-28,RGLD,0.01
2024-10-28,HAS,0.01
2024-10-28,FYBR,0.01
2024-10-28,LNW,0.01
2024-10-28,FSV,0.01
2024-10-28,DBX,0.01
2024-10-28,CELH,0.01
2024-10-28,SAIC,0.01
2024-10-28,NSIT,0.01
2024-10-28,TEM,0.01
2024-10-28,GGAL,0.01
2024-10-28,VRNS,0.01
2024-10-28,SPSC,0.01
2024-10-28,CWST,0.01
2024-10-28,NOVT,0.01
2024-10-28,CSWI,0.01
2024-10-28,GRFS,0.01
2024-10-28,UMBF,0.01
2024-10-28,ACIW,0.01
2024-10-28,KRYS,0.01
2024-10-28,ICUI,0.01
2024-10-28,CRSP,0.01
2024-10-28,SITM,0.01
2024-10-28,AEIS,0.01
2024-10-28,LOPE,0.01
2024-10-28,TGTX,0.01
2024-10-28,IDCC,0.01
2024-10-28,WDFC,0.01
2024-10-28,IRDM,0.01
2024-10-28,SMTC,0.01
2024-10-28,BWIN,0.01
2024-10-28,IOVA,0.01
2024-10-28,CARG,0.01
2024-10-28,PTEN,0.01
2024-10-28,PENN,0.01
2024-10-28,SFNC,0.01
2024-10-28,PLTK,0.01
2024-10-28,CSQ,0.01
2024-10-28,INDB,0.01
2024-10-28,AMRX,0.01
2024-10-28,NMRK,0.01
2024-10-28,TRMD,0.01
2024-10-28,CGON,0.01
2024-10-28,HTLF,0.01
2024-10-28,HWKN,0.01
2024-10-28,GT,0.01
2024-10-28,WERN,0.01
2024-10-28,TRUP,0.01
2024-10-28,AVPT,0.01
2024-10-28,FIVN,0.01
2024-10-28,VEON,0.01
2024-10-28,TFIN,0.01
2024-10-28,UFPT,0.01
2024-10-28,SPNS,0.01
2024-10-28,IREN,0.01
2024-10-28,HRMY,0.01
2024-10-28,TTMI,0.01
2024-10-28,MBIN,0.01
2024-10-28,CLOV,0.01
2024-10-28,CNTA,0.01
2024-10-28,KNSA,0.01
2024-10-28,YY,0.01
2024-10-28,SJW,0.01
2024-10-28,SIMO,0.01
2024-10-29,AAPL,0.01
2024-10-29,NVDA,0.01
2024-10-29,AMZN,0.01
2024-10-29,META,0.01
2024-10-29,AVGO,0.01
2024-10-29,MU,0.01
2024-10-29,ADI,0.01
2024-10-29,MELI,0.01
2024-10-29,INTC,0.01
2024-10-29,APP,0.01
2024-10-29,MNST,0.01
2024-10-29,AEP,0.01
2024-10-29,FANG,0.01
2024-10-29,PAYX,0.01
2024-10-29,DDOG,0.01
2024-10-29,ALNY,0.01
2024-10-29,FITB,0.01
2024-10-29,ANSS,0.01
2024-10-29,UAL,0.01
2024-10-29,ERIE,0.01
2024-10-29,ILMN,0.01
2024-10-29,EXE,0.01
2024-10-29,ICLR,0.01
2024-10-29,TER,0.01
2024-10-29,LINE,0.01
2024-10-29,TRMB,0.01
2024-10-29,BSY,0.01
2024-10-29,FUTU,0.01
2024-10-29,SFM,0.01
2024-10-29,PPC,0.01
2024-10-29,SOFI,0.01
2024-10-29,LECO,0.01
2024-10-29,MKTX,0.01
2024-10-29,WING,0.01
2024-10-29,MBLY,0.01
2024-10-29,DOX,0.01
2024-10-29,RGLD,0.01
2024-10-29,HAS,0.01
2024-10-29,FYBR,0.01
2024-10-29,FSV,0.01
2024-10-29,LNW,0.01
2024-10-29,DBX,0.01
2024-10-29,SAIC,0.01
2024-10-29,CELH,0.01
2024-10-29,TEM,0.01
2024-10-29,NSIT,0.01
2024-10-29,VRNS,0.01
2024-10-29,SPSC,0.01
2024-10-29,CWST,0.01
2024-10-29,GGAL,0.01
2024-10-29,NOVT,0.01
2024-10-29,CSWI,0.01
2024-10-29,GRFS,0.01
2024-10-29,ACIW,0.01
2024-10-29,UMBF,0.01
2024-10-29,KRYS,0.01
2024-10-29,SITM,0.01
2024-10-29,ICUI,0.01
2024-10-29,AEIS,0.01
2024-10-29,CRSP,0.01
2024-10-29,LOPE,0.01
2024-10-29,TGTX,0.01
2024-10-29,IDCC,0.01
2024-10-29,SMTC,0.01
2024-10-29,WDFC,0.01
2024-10-29,IRDM,0.01
2024-10-29,BWIN,0.01
2024-10-29,IOVA,0.01
2024-10-29,CARG,0.01
2024-10-29,PENN,0.01
2024-10-29,PTEN,0.01
2024-10-29,SFNC,0.01
2024-10-29,PLTK,0.01
2024-10-29,CSQ,0.01
2024-10-29,INDB,0.01
2024-10-29,AMRX,0.01
2024-10-29,NMRK,0.01
2024-10-29,TRMD,0.01
2024-10-29,HTLF,0.01
2024-10-29,HWKN,0.01
2024-10-29,CGON,0.01
2024-10-29,GT,0.01
2024-10-29,WERN,0.01
2024-10-29,HRMY,0.01
2024-10-29,AVPT,0.01
2024-10-29,WGS,0.01
2024-10-29,FIVN,0.01
2024-10-29,TRUP,0.01
2024-10-29,UFPT,0.01
2024-10-29,VEON,0.01
2024-10-29,TFIN,0.01
2024-10-29,SPNS,0.01
2024-10-29,CLOV,0.01
2024-10-29,TTMI,0.01
2024-10-29,IREN,0.01
2024-10-29,CNTA,0.01
2024-10-29,YY,0.01
2024-10-29,SIMO,0.01
2024-10-29,ENLT,0.01
2024-10-29,SUPN,0.01
2024-10-30,AAPL,0.01
2024-10-30,NVDA,0.01
2024-10-30,AMZN,0.01
2024-10-30,META,0.01
2024-10-30,AVGO,0.01
2024-10-30,MU,0.01
2024-10-30,ADI,0.01
2024-10-30,MELI,0.01
2024-10-30,INTC,0.01
2024-10-30,APP,0.01
2024-10-30,MNST,0.01
2024-10-30,AEP,0.01
2024-10-30,FANG,0.01
2024-10-30,PAYX,0.01
2024-10-30,DDOG,0.01
2024-10-30,ALNY,0.01
2024-10-30,FITB,0.01
2024-10-30,ANSS,0.01
2024-10-30,UAL,0.01
2024-10-30,ERIE,0.01
2024-10-30,ILMN,0.01
2024-10-30,EXE,0.01
2024-10-30,ICLR,0.01
2024-10-30,TER,0.01
2024-10-30,LINE,0.01
2024-10-30,BSY,0.01
2024-10-30,TRMB,0.01
2024-10-30,FUTU,0.01
2024-10-30,SOFI,0.01
2024-10-30,SFM,0.01
2024-10-30,PPC,0.01
2024-10-30,LECO,0.01
2024-10-30,MKTX,0.01
2024-10-30,DOX,0.01
2024-10-30,MBLY,0.01
2024-10-30,RGLD,0.01
2024-10-30,HAS,0.01
2024-10-30,FYBR,0.01
2024-10-30,WING,0.01
2024-10-30,FSV,0.01
2024-10-30,LNW,0.01
2024-10-30,DBX,0.01
2024-10-30,SAIC,0.01
2024-10-30,CELH,0.01
2024-10-30,TEM,0.01
2024-10-30,NSIT,0.01
2024-10-30,CWST,0.01
2024-10-30,SPSC,0.01
2024-10-30,NOVT,0.01
2024-10-30,GGAL,0.01
2024-10-30,CSWI,0.01
2024-10-30,GRFS,0.01
2024-10-30,VRNS,0.01
2024-10-30,UMBF,0.01
2024-10-30,ACIW,0.01
2024-10-30,KRYS,0.01
2024-10-30,ICUI,0.01
2024-10-30,SITM,0.01
2024-10-30,LOPE,0.01
2024-10-30,CRSP,0.01
2024-10-30,AEIS,0.01
2024-10-30,TGTX,0.01
2024-10-30,IDCC,0.01
2024-10-30,WDFC,0.01
2024-10-30,SMTC,0.01
2024-10-30,IRDM,0.01
2024-10-30,IOVA,0.01
2024-10-30,CARG,0.01
2024-10-30,PENN,0.01
2024-10-30,BWIN,0.01
2024-10-30,PTEN,0.01
2024-10-30,SFNC,0.01
2024-10-30,PLTK,0.01
2024-10-30,CSQ,0.01
2024-10-30,INDB,0.01
2024-10-30,AMRX,0.01
2024-10-30,HTLF,0.01
2024-10-30,NMRK,0.01
2024-10-30,TRMD,0.01
2024-10-30,HWKN,0.01
2024-10-30,OMCL,0.01
2024-10-30,CGON,0.01
2024-10-30,TRUP,0.01
2024-10-30,GT,0.01
2024-10-30,AVPT,0.01
2024-10-30,WERN,0.01
2024-10-30,WGS,0.01
2024-10-30,FIVN,0.01
2024-10-30,VEON,0.01
2024-10-30,TFIN,0.01
2024-10-30,SPNS,0.01
2024-10-30,UFPT,0.01
2024-10-30,CLOV,0.01
2024-10-30,TTMI,0.01
2024-10-30,IREN,0.01
2024-10-30,CNTA,0.01
2024-10-30,YY,0.01
2024-10-30,HRMY,0.01
2024-10-30,SUPN,0.01
2024-10-30,ENLT,0.01
2024-10-31,AAPL,0.01
2024-10-31,NVDA,0.01
2024-10-31,AMZN,0.01
2024-10-31,META,0.01
2024-10-31,AVGO,0.01
2024-10-31,ADI,0.01
2024-10-31,MU,0.01
2024-10-31,MELI,0.01
2024-10-31,INTC,0.01
2024-10-31,APP,0.01
2024-10-31,MNST,0.01
2024-10-31,AEP,0.01
2024-10-31,FANG,0.01
2024-10-31,PAYX,0.01
2024-10-31,DDOG,0.01
2024-10-31,ALNY,0.01
2024-10-31,FITB,0.01
2024-10-31,ANSS,0.01
2024-10-31,UAL,0.01
2024-10-31,ERIE,0.01
2024-10-31,ILMN,0.01
2024-10-31,EXE,0.01
2024-10-31,ICLR,0.01
2024-10-31,TER,0.01
2024-10-31,LINE,0.01
2024-10-31,TRMB,0.01
2024-10-31,BSY,0.01
2024-10-31,FUTU,0.01
2024-10-31,SFM,0.01
2024-10-31,SOFI,0.01
2024-10-31,PPC,0.01
2024-10-31,MBLY,0.01
2024-10-31,MKTX,0.01
2024-10-31,LECO,0.01
2024-10-31,DOX,0.01
2024-10-31,RGLD,0.01
2024-10-31,HAS,0.01
2024-10-31,FYBR,0.01
2024-10-31,WING,0.01
2024-10-31,FSV,0.01
2024-10-31,LNW,0.01
2024-10-31,DBX,0.01
2024-10-31,SAIC,0.01
2024-10-31,CELH,0.01
2024-10-31,TEM,0.01
2024-10-31,GGAL,0.01
2024-10-31,SPSC,0.01
2024-10-31,CWST,0.01
2024-10-31,NOVT,0.01
2024-10-31,GRFS,0.01
2024-10-31,CSWI,0.01
2024-10-31,NSIT,0.01
2024-10-31,VRNS,0.01
2024-10-31,UMBF,0.01
2024-10-31,ACIW,0.01
2024-10-31,KRYS,0.01
2024-10-31,ICUI,0.01
2024-10-31,AEIS,0.01
2024-10-31,LOPE,0.01
2024-10-31,CRSP,0.01
2024-10-31,SITM,0.01
2024-10-31,TGTX,0.01
2024-10-31,IDCC,0.01
2024-10-31,WDFC,0.01
2024-10-31,IRDM,0.01
2024-10-31,SMTC,0.01
2024-10-31,CARG,0.01
2024-10-31,IOVA,0.01
2024-10-31,BWIN,0.01
2024-10-31,PENN,0.01
2024-10-31,PTEN,0.01
2024-10-31,SFNC,0.01
2024-10-31,PLTK,0.01
2024-10-31,CSQ,0.01
2024-10-31,INDB,0.01
2024-10-31,AMRX,0.01
2024-10-31,HTLF,0.01
2024-10-31,NMRK,0.01
2024-10-31,TRMD,0.01
2024-10-31,CGON,0.01
2024-10-31,TRUP,0.01
2024-10-31,TTMI,0.01
2024-10-31,GT,0.01
2024-10-31,WERN,0.01
2024-10-31,AVPT,0.01
2024-10-31,VEON,0.01
2024-10-31,WGS,0.01
2024-10-31,OMCL,0.01
2024-10-31,HWKN,0.01
2024-10-31,FIVN,0.01
2024-10-31,TFIN,0.01
2024-10-31,SPNS,0.01
2024-10-31,CLOV,0.01
2024-10-31,UFPT,0.01
2024-10-31,YY,0.01
2024-10-31,CNTA,0.01
2024-10-31,ENLT,0.01
2024-10-31,SUPN,0.01
2024-10-31,SJW,0.01
2024-10-31,OSW,0.01
