Ticker,Date,Open,Close
GGAL,2024-10-01,41.9,42.41
NVDA,2024-10-01,121.765,117
AAPL,2024-10-01,229.52,226.21
AMZN,2024-10-01,184.9,185.13
META,2024-10-01,577.98,576.47
CRESY,2024-10-01,8.72,8.89
AVGO,2024-10-01,172.16,167.47
APP,2024-10-01,130.79,130.65
MU,2024-10-01,103.4,100.31
ADI,2024-10-01,228.93,223.67
INTC,2024-10-01,23.46,22.69
MELI,2024-10-01,2060,2066.12
FANG,2024-10-01,170.92,177.52
MNST,2024-10-01,52.17,51.59
AEP,2024-10-01,102.28,102.22
PAYX,2024-10-01,137.69,140.79
DDOG,2024-10-01,117.45,113.98
FITB,2024-10-01,42.75,41.86
ALNY,2024-10-01,274.88,276.06
UAL,2024-10-01,56.87,56.13
GGAL,2024-10-02,41.97,41.94
NVDA,2024-10-02,116.44,118.85
AAPL,2024-10-02,225.89,226.78
AMZN,2024-10-02,184.44,184.76
META,2024-10-02,574.86,572.81
CRESY,2024-10-02,9.45,8.84
AVGO,2024-10-02,167.55,170.66
APP,2024-10-02,129.85,131.36
MU,2024-10-02,100.59,99.85
ADI,2024-10-02,224.98,227.73
INTC,2024-10-02,22.67,22.39
MELI,2024-10-02,1993.22,1970.72
FANG,2024-10-02,182.62,181.29
MNST,2024-10-02,51.53,50.94
AEP,2024-10-02,101.39,101.81
PAYX,2024-10-02,139.38,140.76
DDOG,2024-10-02,114.19,116.22
FITB,2024-10-02,41.9,41.98
ALNY,2024-10-02,275.62,271.55
UAL,2024-10-02,55.35,55.74
GGAL,2024-10-03,41.8,43.41
NVDA,2024-10-03,120.92,122.85
AAPL,2024-10-03,225.14,225.67
AMZN,2024-10-03,183.045,181.96
META,2024-10-03,570.15,582.77
CRESY,2024-10-03,8.83,8.97
AVGO,2024-10-03,169.62,171.89
APP,2024-10-03,130.88,135.25
MU,2024-10-03,99.47,101.82
ADI,2024-10-03,224.63,226.56
INTC,2024-10-03,22.14,22.26
MELI,2024-10-03,1956.65,1959.2
FANG,2024-10-03,181.87,188.3
MNST,2024-10-03,50.57,50.31
AEP,2024-10-03,101.95,101.37
PAYX,2024-10-03,139.96,139.36
DDOG,2024-10-03,115.26,117.53
FITB,2024-10-03,41.76,41.74
ALNY,2024-10-03,271.55,269.53
UAL,2024-10-03,55.6,55.62
GGAL,2024-10-04,43.64,43.49
NVDA,2024-10-04,124.94,124.92
AAPL,2024-10-04,227.9,226.8
AMZN,2024-10-04,185.75,186.51
META,2024-10-04,583.73,595.94
CRESY,2024-10-04,9.05,8.96
AVGO,2024-10-04,176.3,176.64
APP,2024-10-04,137.5,139.66
MU,2024-10-04,103.65,102.25
ADI,2024-10-04,231.9,228.23
INTC,2024-10-04,22.7,22.59
MELI,2024-10-04,1966,1960
FANG,2024-10-04,191.56,194.61
MNST,2024-10-04,50.31,50.95
AEP,2024-10-04,100.47,100.28
PAYX,2024-10-04,140.62,138.65
DDOG,2024-10-04,119.55,122.69
FITB,2024-10-04,42.46,42.1
ALNY,2024-10-04,269.01,267.99
UAL,2024-10-04,57.94,59.22
GGAL,2024-10-07,43.16,42.52
NVDA,2024-10-07,124.99,127.72
AAPL,2024-10-07,224.5,221.69
AMZN,2024-10-07,182.95,180.8
META,2024-10-07,598.22,584.78
CRESY,2024-10-07,9.288,8.86
AVGO,2024-10-07,174.82,175.08
APP,2024-10-07,138.85,139.95
MU,2024-10-07,102.16,102.91
ADI,2024-10-07,225.65,226.51
INTC,2024-10-07,22.4,22.38
MELI,2024-10-07,1961,1963.23
FANG,2024-10-07,195.95,199.5
MNST,2024-10-07,50.63,49.24
AEP,2024-10-07,99.63,98.06
PAYX,2024-10-07,137.88,137.44
DDOG,2024-10-07,122.2,122.38
FITB,2024-10-07,41.9,42.16
ALNY,2024-10-07,268.55,266.77
UAL,2024-10-07,59,59.18
GGAL,2024-10-08,42.62,44.18
NVDA,2024-10-08,130.26,132.89
AAPL,2024-10-08,224.3,225.77
AMZN,2024-10-08,181.915,182.72
META,2024-10-08,589.69,592.89
CRESY,2024-10-08,8.87,9.04
AVGO,2024-10-08,175.42,180.73
APP,2024-10-08,141.37,143.51
MU,2024-10-08,102.18,102.54
ADI,2024-10-08,226.74,229.4
INTC,2024-10-08,22.25,23.32
MELI,2024-10-08,1963.05,2014.23
FANG,2024-10-08,196.12,193.77
MNST,2024-10-08,49.24,49.49
AEP,2024-10-08,98.08,98.2
PAYX,2024-10-08,138,138.16
DDOG,2024-10-08,123.74,123.72
FITB,2024-10-08,42.16,41.99
ALNY,2024-10-08,266,271.19
UAL,2024-10-08,59.68,60.01
GGAL,2024-10-09,43.66,46.58
NVDA,2024-10-09,134.11,132.65
AAPL,2024-10-09,225.23,229.54
AMZN,2024-10-09,182.82,185.17
META,2024-10-09,593.99,590.51
CRESY,2024-10-09,9.05,9.33
AVGO,2024-10-09,179.24,185.95
APP,2024-10-09,142.96,143.4
MU,2024-10-09,102.25,101.7
ADI,2024-10-09,230.4,233.24
INTC,2024-10-09,23.25,23.46
MELI,2024-10-09,2007.7,2047.99
FANG,2024-10-09,192.38,193.75
MNST,2024-10-09,49.62,49.77
AEP,2024-10-09,98.04,97.72
PAYX,2024-10-09,138.23,139.84
DDOG,2024-10-09,123.8,125.16
FITB,2024-10-09,42.03,42.63
ALNY,2024-10-09,272,270.9
UAL,2024-10-09,60.4,59.43
GGAL,2024-10-10,46.63,47.94
NVDA,2024-10-10,131.91,134.81
AAPL,2024-10-10,227.78,229.04
AMZN,2024-10-10,187.13,186.65
META,2024-10-10,587.57,583.83
CRESY,2024-10-10,9.26,9.56
AVGO,2024-10-10,183.56,185.69
APP,2024-10-10,141.59,144.84
MU,2024-10-10,101.37,105.69
ADI,2024-10-10,229.7,230.7
INTC,2024-10-10,23.19,23.22
MELI,2024-10-10,2044,2040.5
FANG,2024-10-10,194.7,194.06
MNST,2024-10-10,50,50.77
AEP,2024-10-10,97.73,97.22
PAYX,2024-10-10,139.39,139.29
DDOG,2024-10-10,125.24,130.09
FITB,2024-10-10,42.4,42.67
ALNY,2024-10-10,270.5,278.62
UAL,2024-10-10,58.43,60.26
GGAL,2024-10-11,47.94,49.77
NVDA,2024-10-11,134.01,134.8
AAPL,2024-10-11,229.3,227.55
AMZN,2024-10-11,186.63,188.82
META,2024-10-11,584.83,589.95
CRESY,2024-10-11,9.47,9.5
AVGO,2024-10-11,181.14,181.48
APP,2024-10-11,144.84,147
MU,2024-10-11,105.04,106.92
ADI,2024-10-11,229.32,232.86
INTC,2024-10-11,23.05,23.56
MELI,2024-10-11,2058.21,2091.16
FANG,2024-10-11,192.66,194.96
MNST,2024-10-11,50.82,51.31
AEP,2024-10-11,97.3,98.25
PAYX,2024-10-11,139.99,138.89
DDOG,2024-10-11,129.89,129.81
FITB,2024-10-11,43,43.84
ALNY,2024-10-11,278.8,284.32
UAL,2024-10-11,60,61.8
GGAL,2024-10-14,50,49.44
NVDA,2024-10-14,136.47,138.07
AAPL,2024-10-14,228.7,231.3
AMZN,2024-10-14,189.78,187.54
META,2024-10-14,594.22,590.42
CRESY,2024-10-14,9.5,9.51
AVGO,2024-10-14,183.3,182.31
APP,2024-10-14,141.27,145.3
MU,2024-10-14,107.805,108.34
ADI,2024-10-14,233.8,236.43
INTC,2024-10-14,23.58,23.44
MELI,2024-10-14,2091.82,2079.96
FANG,2024-10-14,192.42,190.7
MNST,2024-10-14,51.59,51.68
AEP,2024-10-14,98.35,98.79
PAYX,2024-10-14,139.1,142.35
DDOG,2024-10-14,131.28,129.12
FITB,2024-10-14,43.74,44.32
ALNY,2024-10-14,284.09,283.32
UAL,2024-10-14,62.33,63.53
GGAL,2024-10-15,49.62,49.65
NVDA,2024-10-15,137.87,131.6
AAPL,2024-10-15,233.61,233.85
AMZN,2024-10-15,187.63,187.69
META,2024-10-15,590.16,586.27
CRESY,2024-10-15,9.54,9.34
AVGO,2024-10-15,180.79,175.98
APP,2024-10-15,144.63,143.81
MU,2024-10-15,107.86,104.32
ADI,2024-10-15,236.01,225.87
INTC,2024-10-15,23.41,22.66
MELI,2024-10-15,2075.48,2033.62
FANG,2024-10-15,183.66,179.77
MNST,2024-10-15,51.57,52.62
AEP,2024-10-15,99.37,99.66
PAYX,2024-10-15,142.35,142.3
DDOG,2024-10-15,128.47,126.88
FITB,2024-10-15,44.7,44.65
ALNY,2024-10-15,284.85,287.36
UAL,2024-10-15,64.18,64.05
GGAL,2024-10-16,50.16,48.84
NVDA,2024-10-16,133.98,135.72
AAPL,2024-10-16,231.6,231.78
AMZN,2024-10-16,187.05,186.89
META,2024-10-16,581.395,576.79
CRESY,2024-10-16,9.46,8.9
AVGO,2024-10-16,178.51,176.82
APP,2024-10-16,144.12,144.85
MU,2024-10-16,106.02,109.24
ADI,2024-10-16,228.85,227.49
INTC,2024-10-16,22.38,22.31
MELI,2024-10-16,2029.32,2046.47
FANG,2024-10-16,180.22,182.46
MNST,2024-10-16,52.48,53.58
AEP,2024-10-16,100.1,101.32
PAYX,2024-10-16,142,142.28
DDOG,2024-10-16,126.43,126
FITB,2024-10-16,44.97,44.98
ALNY,2024-10-16,286.39,300.55
UAL,2024-10-16,65.4,72.015
GGAL,2024-10-17,48.84,48.82
NVDA,2024-10-17,139.34,136.93
AAPL,2024-10-17,233.43,232.15
AMZN,2024-10-17,188.22,187.53
META,2024-10-17,583.33,576.93
CRESY,2024-10-17,8.99,9.06
AVGO,2024-10-17,181.37,181.53
APP,2024-10-17,146.31,143
MU,2024-10-17,111.34,112.05
ADI,2024-10-17,232.52,227.34
INTC,2024-10-17,22.72,22.44
MELI,2024-10-17,2066.85,2065.87
FANG,2024-10-17,182.07,183.96
MNST,2024-10-17,53.7,53.44
AEP,2024-10-17,101.75,100.91
PAYX,2024-10-17,143.02,142.32
DDOG,2024-10-17,127.33,126.22
FITB,2024-10-17,45.2,45.37
ALNY,2024-10-17,299.15,296.75
UAL,2024-10-17,72,73.33
GGAL,2024-10-18,49.06,50.62
NVDA,2024-10-18,138.665,138
AAPL,2024-10-18,236.18,235
AMZN,2024-10-18,187.15,188.99
META,2024-10-18,581.1,576.47
CRESY,2024-10-18,9.09,8.95
AVGO,2024-10-18,182.32,179.89
APP,2024-10-18,144.15,145.22
MU,2024-10-18,111.75,111.15
ADI,2024-10-18,229.17,228.33
INTC,2024-10-18,22.61,22.77
MELI,2024-10-18,2065.87,2079.79
FANG,2024-10-18,183.44,183.99
MNST,2024-10-18,53.44,54.05
AEP,2024-10-18,100.83,100.69
PAYX,2024-10-18,142.34,141.53
DDOG,2024-10-18,129,128.12
FITB,2024-10-18,45.71,44.67
ALNY,2024-10-18,296.01,295.93
UAL,2024-10-18,73.87,74.15
GGAL,2024-10-21,50.1,50.63
NVDA,2024-10-21,138.13,143.71
AAPL,2024-10-21,234.45,236.48
AMZN,2024-10-21,188.05,189.07
META,2024-10-21,576.03,575.16
CRESY,2024-10-21,8.9,8.89
AVGO,2024-10-21,179.38,179.99
APP,2024-10-21,148.27,158.85
MU,2024-10-21,111.1,109.08
ADI,2024-10-21,226.3,225.67
INTC,2024-10-21,22.61,22.84
MELI,2024-10-21,2065,2100.58
FANG,2024-10-21,185.26,182.41
MNST,2024-10-21,54.06,53.77
AEP,2024-10-21,100.78,100.16
PAYX,2024-10-21,141.68,141.09
DDOG,2024-10-21,126.12,125.81
FITB,2024-10-21,44.71,43.37
ALNY,2024-10-21,294.33,292.01
UAL,2024-10-21,73.25,74
GGAL,2024-10-22,50.6,50.54
NVDA,2024-10-22,142.91,143.59
AAPL,2024-10-22,233.885,235.86
AMZN,2024-10-22,188.35,189.7
META,2024-10-22,574.29,582.01
CRESY,2024-10-22,8.84,8.84
AVGO,2024-10-22,178.66,179.38
APP,2024-10-22,161.27,158.95
MU,2024-10-22,108.24,107.82
ADI,2024-10-22,224.44,224.62
INTC,2024-10-22,22.73,22.4
MELI,2024-10-22,2077.92,2067.82
FANG,2024-10-22,184.22,184.03
MNST,2024-10-22,53.73,53.6
AEP,2024-10-22,99.67,99.89
PAYX,2024-10-22,140.47,141.34
DDOG,2024-10-22,125,124.62
FITB,2024-10-22,43.73,43.66
ALNY,2024-10-22,292.1,296.48
UAL,2024-10-22,73.8,74.49
GGAL,2024-10-23,50.14,49.77
NVDA,2024-10-23,142.03,139.56
AAPL,2024-10-23,234.08,230.76
AMZN,2024-10-23,188.85,184.71
META,2024-10-23,579.97,563.69
CRESY,2024-10-23,8.81,8.85
AVGO,2024-10-23,177.585,173.51
APP,2024-10-23,160.16,159.4
MU,2024-10-23,106.564,105.05
ADI,2024-10-23,228.08,226.85
INTC,2024-10-23,22.3,21.98
MELI,2024-10-23,2062.29,2038.7
FANG,2024-10-23,182.34,181.12
MNST,2024-10-23,53.47,53.56
AEP,2024-10-23,100,100.83
PAYX,2024-10-23,140.47,141.43
DDOG,2024-10-23,124.62,121.52
FITB,2024-10-23,43.52,43.87
ALNY,2024-10-23,296.48,294.87
UAL,2024-10-23,73.87,73.45
GGAL,2024-10-24,50.03,52.93
NVDA,2024-10-24,140.82,140.41
AAPL,2024-10-24,229.98,230.57
AMZN,2024-10-24,185.25,186.38
META,2024-10-24,567.125,567.78
CRESY,2024-10-24,9.13,9.27
AVGO,2024-10-24,174.26,171.35
APP,2024-10-24,160.56,159
MU,2024-10-24,106.775,106.85
ADI,2024-10-24,228.74,229.68
INTC,2024-10-24,22.09,22.34
MELI,2024-10-24,2038.7,2055.93
FANG,2024-10-24,182.35,180.91
MNST,2024-10-24,53.43,53.44
AEP,2024-10-24,101.29,99.39
PAYX,2024-10-24,142,141.68
DDOG,2024-10-24,122.75,123.89
FITB,2024-10-24,43.87,44.06
ALNY,2024-10-24,293.92,293.69
UAL,2024-10-24,74.42,74.51
GGAL,2024-10-25,53.3,53.89
NVDA,2024-10-25,140.93,141.54
AAPL,2024-10-25,229.74,231.41
AMZN,2024-10-25,187.85,187.83
META,2024-10-25,573.935,573.25
CRESY,2024-10-25,9.36,9.53
AVGO,2024-10-25,174.19,173
APP,2024-10-25,161.46,161.63
MU,2024-10-25,108.34,107.91
ADI,2024-10-25,231.84,230.17
INTC,2024-10-25,22.42,22.68
MELI,2024-10-25,2053.99,2047.35
FANG,2024-10-25,182.62,184.38
MNST,2024-10-25,53.76,53.37
AEP,2024-10-25,99.79,98.19
PAYX,2024-10-25,142.35,140.33
DDOG,2024-10-25,124.9,126.6
FITB,2024-10-25,44.53,43.22
ALNY,2024-10-25,293.69,284.86
UAL,2024-10-25,74.9,74.64
GGAL,2024-10-28,54.28,54.11
NVDA,2024-10-28,143,140.52
AAPL,2024-10-28,233.32,233.4
AMZN,2024-10-28,189.565,188.39
META,2024-10-28,582,578.16
CRESY,2024-10-28,9.55,9.32
AVGO,2024-10-28,173,172.02
APP,2024-10-28,163.31,166.185
MU,2024-10-28,106.78,106.39
ADI,2024-10-28,229.13,230.14
INTC,2024-10-28,22.67,22.92
MELI,2024-10-28,2056,2056.09
FANG,2024-10-28,177.765,178.19
MNST,2024-10-28,53.44,53.1
AEP,2024-10-28,98.85,99.11
PAYX,2024-10-28,140.09,140.27
DDOG,2024-10-28,127.29,126.37
FITB,2024-10-28,43.71,44.05
ALNY,2024-10-28,288.35,286.91
UAL,2024-10-28,76.58,76.09
GGAL,2024-10-29,54.11,53.53
NVDA,2024-10-29,140.285,141.25
AAPL,2024-10-29,233.1,233.67
AMZN,2024-10-29,188.58,190.83
META,2024-10-29,580.145,593.28
CRESY,2024-10-29,9.32,9.71
AVGO,2024-10-29,172.435,179.24
APP,2024-10-29,167.98,172.24
MU,2024-10-29,106.585,108.18
ADI,2024-10-29,229.7,235.23
INTC,2024-10-29,22.87,22.9
MELI,2024-10-29,2058.24,2026.57
FANG,2024-10-29,177.76,175.64
MNST,2024-10-29,52.7,52.48
AEP,2024-10-29,98.73,97.39
PAYX,2024-10-29,140.03,141.87
DDOG,2024-10-29,127.2,128.76
FITB,2024-10-29,44.03,44.005
ALNY,2024-10-29,285.93,284.69
UAL,2024-10-29,75.39,76.93
GGAL,2024-10-30,53.51,52.26
NVDA,2024-10-30,139.54,139.335
AAPL,2024-10-30,232.61,230.1
AMZN,2024-10-30,194.695,192.73
META,2024-10-30,600.98,591.8
CRESY,2024-10-30,9.77,9.65
AVGO,2024-10-30,177.47,176.64
APP,2024-10-30,173.22,171.65
MU,2024-10-30,106.26,104.08
ADI,2024-10-30,230.78,230.12
INTC,2024-10-30,22.415,22.3
MELI,2024-10-30,2015.33,2020.72
FANG,2024-10-30,176.86,176.65
MNST,2024-10-30,52.25,52.6
AEP,2024-10-30,97.39,97.4
PAYX,2024-10-30,141.5,141.39
DDOG,2024-10-30,129.82,128.16
FITB,2024-10-30,43.75,44.08
ALNY,2024-10-30,284.1,281.49
UAL,2024-10-30,76.67,80.42
GGAL,2024-10-31,51.71,52.72
NVDA,2024-10-31,137.6,132.76
AAPL,2024-10-31,229.34,225.91
AMZN,2024-10-31,190.51,186.4
META,2024-10-31,585,567.58
CRESY,2024-10-31,9.69,9.49
AVGO,2024-10-31,174.45,169.77
APP,2024-10-31,170,169.39
MU,2024-10-31,102.2,99.65
ADI,2024-10-31,230.16,223.11
INTC,2024-10-31,22.15,21.52
MELI,2024-10-31,2015.25,2037.18
FANG,2024-10-31,178.35,176.77
MNST,2024-10-31,52.65,52.68
AEP,2024-10-31,97.45,98.75
PAYX,2024-10-31,141.53,139.33
DDOG,2024-10-31,126.25,125.44
FITB,2024-10-31,44.14,43.68
ALNY,2024-10-31,275.41,266.59
UAL,2024-10-31,79.7,78.26
ANSS,2024-10-01,318,313.05
ILMN,2024-10-01,130.18,128.98
ERIE,2024-10-01,539.16,539.27
ICLR,2024-10-01,287.31,284.51
TRMB,2024-10-01,61.8,60.79
SOFI,2024-10-01,7.88,7.63
TER,2024-10-01,132.8,128.99
TRMD,2024-10-01,32.35,32.44
SFM,2024-10-01,110.2,110.97
MBLY,2024-10-01,13.79,13.44
BSY,2024-10-01,51,49.78
LINE,2024-10-01,78.57,76.73
PPC,2024-10-01,45.99,48.12
FSV,2024-10-01,183.2,182.31
LECO,2024-10-01,192.02,189.69
FUTU,2024-10-01,96.05,107.54
TEM,2024-10-01,56.71,53.07
WING,2024-10-01,417.3,420.89
MKTX,2024-10-01,255.74,255.85
ANSS,2024-10-02,312.64,317.45
EXE,2024-10-02,83.35,83.24
ILMN,2024-10-02,127.86,139.02
ERIE,2024-10-02,540.38,541.43
ICLR,2024-10-02,284.51,294.39
TRMB,2024-10-02,60.76,62.48
SOFI,2024-10-02,7.6,7.79
TER,2024-10-02,129.68,131.44
TRMD,2024-10-02,33.02,33.02
SFM,2024-10-02,110.37,110.69
MBLY,2024-10-02,12.88,13.28
BSY,2024-10-02,49.72,49.89
LINE,2024-10-02,76.46,75.92
PPC,2024-10-02,48.29,47.86
FSV,2024-10-02,181.22,180.91
LECO,2024-10-02,189.85,192.08
FUTU,2024-10-02,118.67,112.85
TEM,2024-10-02,52.5,51.25
WING,2024-10-02,419,422.95
MKTX,2024-10-02,255.55,254.92
ANSS,2024-10-03,314.61,313.09
EXE,2024-10-03,83.38,85.21
ILMN,2024-10-03,138.21,136.36
ERIE,2024-10-03,541.6,535.67
ICLR,2024-10-03,293.91,293.18
TRMB,2024-10-03,62.07,61.59
SOFI,2024-10-03,7.75,7.83
TER,2024-10-03,129.65,129.01
TRMD,2024-10-03,33.11,33.22
SFM,2024-10-03,110.69,111.04
MBLY,2024-10-03,13.13,12.39
BSY,2024-10-03,49.72,49.33
LINE,2024-10-03,75.86,76.75
PPC,2024-10-03,47.83,43.57
FSV,2024-10-03,179.89,178.19
LECO,2024-10-03,190.14,189.54
FUTU,2024-10-03,108.295,122.79
TEM,2024-10-03,52.35,48.96
WING,2024-10-03,422.84,414.13
MKTX,2024-10-03,256.32,273.94
ANSS,2024-10-04,317.96,315.73
EXE,2024-10-04,84.935,85.63
ILMN,2024-10-04,138.73,141.43
ERIE,2024-10-04,535.46,542.86
ICLR,2024-10-04,294.86,293.54
TRMB,2024-10-04,62.48,62.14
SOFI,2024-10-04,8.03,8.39
TER,2024-10-04,132,130.5
TRMD,2024-10-04,32.91,32.92
SFM,2024-10-04,111.95,112.9
MBLY,2024-10-04,12.58,12.93
BSY,2024-10-04,50.04,48.88
LINE,2024-10-04,77.38,76.87
PPC,2024-10-04,43.59,44.6
FSV,2024-10-04,178.68,177.04
LECO,2024-10-04,192.71,191.5
FUTU,2024-10-04,124.27,127.98
TEM,2024-10-04,50.38,52.94
WING,2024-10-04,415.65,414.99
MKTX,2024-10-04,275.27,273.65
ANSS,2024-10-07,313.61,313.07
EXE,2024-10-07,85.82,85.44
ILMN,2024-10-07,140.75,140.66
ERIE,2024-10-07,541.64,521.98
ICLR,2024-10-07,291.94,290.37
TRMB,2024-10-07,61.97,61.51
SOFI,2024-10-07,8.36,8.27
TER,2024-10-07,129.33,129.51
TRMD,2024-10-07,32.78,32.75
SFM,2024-10-07,112.73,113.07
MBLY,2024-10-07,12.28,12.33
BSY,2024-10-07,48.72,47.75
LINE,2024-10-07,76.58,75.07
PPC,2024-10-07,44.68,45.51
FSV,2024-10-07,176.74,176.17
LECO,2024-10-07,190.15,191.04
FUTU,2024-10-07,129.97,128.93
TEM,2024-10-07,53,50.55
WING,2024-10-07,413.48,396.08
MKTX,2024-10-07,275.33,273.76
ANSS,2024-10-08,314.24,320.87
EXE,2024-10-08,84.48,86
ILMN,2024-10-08,140.66,139.66
ERIE,2024-10-08,526.42,530.9
ICLR,2024-10-08,290.06,287.56
TRMB,2024-10-08,61.29,61.48
SOFI,2024-10-08,8.32,8.41
TER,2024-10-08,129.77,129.4
TRMD,2024-10-08,32.61,32.34
SFM,2024-10-08,113.47,115.11
MBLY,2024-10-08,12.13,12.24
BSY,2024-10-08,48,48.45
LINE,2024-10-08,75.06,75.43
PPC,2024-10-08,45.37,46.12
FSV,2024-10-08,176.73,180.4
LECO,2024-10-08,190.18,189.48
FUTU,2024-10-08,104.9,112.08
TEM,2024-10-08,50.92,48.08
WING,2024-10-08,398.9,403.52
MKTX,2024-10-08,275.76,275.89
ANSS,2024-10-09,321.71,326.2
EXE,2024-10-09,86,87.03
ILMN,2024-10-09,139.67,140
ERIE,2024-10-09,528.69,532.6
ICLR,2024-10-09,287,292.66
TRMB,2024-10-09,61.64,62.23
SOFI,2024-10-09,8.41,8.59
TER,2024-10-09,129.14,130.47
TRMD,2024-10-09,32.04,31.92
SFM,2024-10-09,115.85,113.8
MBLY,2024-10-09,12.2,12.07
BSY,2024-10-09,48.44,48.98
LINE,2024-10-09,75.27,74.28
PPC,2024-10-09,46.12,45.61
FSV,2024-10-09,179.49,184.83
LECO,2024-10-09,189.9,191.42
FUTU,2024-10-09,105.01,110.92
TEM,2024-10-09,48.08,48.33
WING,2024-10-09,403.27,402.79
MKTX,2024-10-09,274.21,275.41
ANSS,2024-10-10,322.85,328.94
EXE,2024-10-10,87.1,86.61
ILMN,2024-10-10,139.035,143.76
ERIE,2024-10-10,531.7,529.47
ICLR,2024-10-10,290.19,296.29
TRMB,2024-10-10,62.04,61.74
SOFI,2024-10-10,8.51,8.63
TER,2024-10-10,128.48,128.94
TRMD,2024-10-10,32.13,32.12
SFM,2024-10-10,113.41,112.93
MBLY,2024-10-10,12.07,12.29
BSY,2024-10-10,48.47,50.16
LINE,2024-10-10,74.2,73.99
PPC,2024-10-10,45.66,44.77
FSV,2024-10-10,183.46,183.98
LECO,2024-10-10,189.54,189.94
FUTU,2024-10-10,109.49,107.17
TEM,2024-10-10,48.9,45.98
WING,2024-10-10,399.13,395
MKTX,2024-10-10,275.26,276.43
ANSS,2024-10-11,329.37,330.03
EXE,2024-10-11,86.1,87.39
ILMN,2024-10-11,143.74,145.54
ERIE,2024-10-11,531.44,534.7
ICLR,2024-10-11,295.4,296.65
TRMB,2024-10-11,61.72,63.01
SOFI,2024-10-11,8.65,9.01
TER,2024-10-11,128.3,131.91
TRMD,2024-10-11,31.86,31.64
SFM,2024-10-11,113.6,116.12
MBLY,2024-10-11,11.79,12.89
BSY,2024-10-11,50.12,50.65
LINE,2024-10-11,74.27,75.27
PPC,2024-10-11,44.85,44.58
FSV,2024-10-11,184.92,185.8
LECO,2024-10-11,187.87,194.33
FUTU,2024-10-11,104.07,111.02
TEM,2024-10-11,45.42,48.82
WING,2024-10-11,396.26,403.82
MKTX,2024-10-11,277.74,278.1
ANSS,2024-10-14,333.24,335.31
EXE,2024-10-14,86.89,86.62
ILMN,2024-10-14,146,149.07
ERIE,2024-10-14,536.86,533.27
ICLR,2024-10-14,295.88,296.55
TRMB,2024-10-14,62.98,63.05
SOFI,2024-10-14,9.62,10.04
TER,2024-10-14,131.68,133.64
TRMD,2024-10-14,31,31.29
SFM,2024-10-14,116.14,115.32
MBLY,2024-10-14,12.8,12.96
BSY,2024-10-14,50.82,50.97
LINE,2024-10-14,75.22,76.17
PPC,2024-10-14,44.61,45.12
FSV,2024-10-14,185.25,184.78
LECO,2024-10-14,194.33,193.57
FUTU,2024-10-14,108.63,106.35
TEM,2024-10-14,49.01,50.72
WING,2024-10-14,405.95,399.05
MKTX,2024-10-14,279.06,284.5
ANSS,2024-10-15,336.74,328.6
EXE,2024-10-15,85.2,85.79
ILMN,2024-10-15,148.74,147.61
ERIE,2024-10-15,533.27,525.65
ICLR,2024-10-15,295.42,294.87
TRMB,2024-10-15,63.09,61.72
SOFI,2024-10-15,10.16,10.18
TER,2024-10-15,133.53,127.36
TRMD,2024-10-15,30.34,30.01
SFM,2024-10-15,116,116.87
MBLY,2024-10-15,12.51,12.17
BSY,2024-10-15,50.96,49.99
LINE,2024-10-15,76.81,76.43
PPC,2024-10-15,44.94,45.27
FSV,2024-10-15,184.85,187
LECO,2024-10-15,192.34,192.2
FUTU,2024-10-15,100.98,96.21
TEM,2024-10-15,50.72,46.63
WING,2024-10-15,398.56,393.05
MKTX,2024-10-15,285.66,288.26
ANSS,2024-10-16,329.73,323.77
EXE,2024-10-16,86,86.46
ILMN,2024-10-16,147.88,143.89
ERIE,2024-10-16,525.65,513.32
ICLR,2024-10-16,294.68,293.6
TRMB,2024-10-16,61.75,61.07
SOFI,2024-10-16,10.23,10.04
TER,2024-10-16,130.88,127
TRMD,2024-10-16,29.89,30.11
SFM,2024-10-16,116.98,116.91
MBLY,2024-10-16,12.045,12.13
BSY,2024-10-16,50,49.7
LINE,2024-10-16,76.65,76.7
PPC,2024-10-16,45.45,45.56
FSV,2024-10-16,187.28,187.69
LECO,2024-10-16,193.3,194.71
FUTU,2024-10-16,97.4,95.25
TEM,2024-10-16,47.1,49.05
WING,2024-10-16,395.42,377.89
MKTX,2024-10-16,288.26,292.46
ANSS,2024-10-17,327.11,326.58
EXE,2024-10-17,86.57,87.57
ILMN,2024-10-17,146.83,143.52
ERIE,2024-10-17,516.49,483.05
ICLR,2024-10-17,293.79,295.24
TRMB,2024-10-17,61.17,61.43
SOFI,2024-10-17,10.01,9.87
TER,2024-10-17,130.19,127.21
TRMD,2024-10-17,30.09,29.9
SFM,2024-10-17,117.11,116.65
MBLY,2024-10-17,12.26,12.875
BSY,2024-10-17,50.05,50.05
LINE,2024-10-17,76.89,76.43
PPC,2024-10-17,45.41,45.44
FSV,2024-10-17,187.28,188.1
LECO,2024-10-17,195.5,198.22
FUTU,2024-10-17,90.6,89.71
TEM,2024-10-17,49.2,48.01
WING,2024-10-17,381,373.555
MKTX,2024-10-17,292.59,290.78
ANSS,2024-10-18,328.69,327.4
EXE,2024-10-18,87.025,86.66
ILMN,2024-10-18,143.52,146.07
ERIE,2024-10-18,475.93,481.68
ICLR,2024-10-18,296.13,297.72
TRMB,2024-10-18,61.62,61.77
SOFI,2024-10-18,9.91,10.18
TER,2024-10-18,127.83,126.04
TRMD,2024-10-18,30.01,30.02
SFM,2024-10-18,115.96,115.8
MBLY,2024-10-18,13.24,12.79
BSY,2024-10-18,50.02,49.94
LINE,2024-10-18,76.29,77.55
PPC,2024-10-18,45.3,45.39
FSV,2024-10-18,188.35,186.98
LECO,2024-10-18,200.57,203.1
FUTU,2024-10-18,96.92,93.26
TEM,2024-10-18,49.3,49.34
WING,2024-10-18,374.8,370.69
MKTX,2024-10-18,292.88,288.83
ANSS,2024-10-21,325.37,327.46
EXE,2024-10-21,86.49,85.75
ILMN,2024-10-21,144.66,145.21
ERIE,2024-10-21,480.74,477.91
ICLR,2024-10-21,295.99,288.64
TRMB,2024-10-21,61.77,60.77
SOFI,2024-10-21,10.26,10.4
TER,2024-10-21,125.69,125.93
TRMD,2024-10-21,30.07,29.8
SFM,2024-10-21,115.96,117.42
MBLY,2024-10-21,12.81,13.19
BSY,2024-10-21,49.68,49.53
LINE,2024-10-21,77.45,77
PPC,2024-10-21,45.49,44.65
FSV,2024-10-21,186.94,185.09
LECO,2024-10-21,202.3,200.01
FUTU,2024-10-21,91.56,92.33
TEM,2024-10-21,49.7,48.68
WING,2024-10-21,369.63,368.44
MKTX,2024-10-21,288.84,287.1
ANSS,2024-10-22,326.25,325.65
EXE,2024-10-22,86.07,84.37
ILMN,2024-10-22,143.35,144.06
ERIE,2024-10-22,476.92,468.42
ICLR,2024-10-22,283,283.49
TRMB,2024-10-22,60.3,60.21
SOFI,2024-10-22,10.32,10.58
TER,2024-10-22,125.55,125.36
TRMD,2024-10-22,29.74,29.15
SFM,2024-10-22,117.36,118.27
MBLY,2024-10-22,13.25,13
BSY,2024-10-22,49.34,49.66
LINE,2024-10-22,77.1,78.95
PPC,2024-10-22,44.57,44.74
FSV,2024-10-22,184.05,183.31
LECO,2024-10-22,198.64,195.77
FUTU,2024-10-22,91.84,92.37
TEM,2024-10-22,48,46.53
WING,2024-10-22,368.44,365.97
MKTX,2024-10-22,284.44,290.23
ANSS,2024-10-23,323.07,321.85
EXE,2024-10-23,83.74,83.29
ILMN,2024-10-23,142.63,142.94
ERIE,2024-10-23,469.3,463.78
ICLR,2024-10-23,281.15,280.76
TRMB,2024-10-23,60.1,60.3
SOFI,2024-10-23,10.55,10.42
TER,2024-10-23,124.61,124.43
TRMD,2024-10-23,27.9,27.53
SFM,2024-10-23,116.86,118.85
MBLY,2024-10-23,12.95,12.57
BSY,2024-10-23,49.56,49.19
LINE,2024-10-23,78.95,78.11
PPC,2024-10-23,44.54,45.84
FSV,2024-10-23,182.95,184.54
LECO,2024-10-23,195.65,193.76
FUTU,2024-10-23,93.27,88.8
TEM,2024-10-23,46.05,45.41
WING,2024-10-23,363.89,366.61
MKTX,2024-10-23,288.58,288.89
ANSS,2024-10-24,325.47,321.37
EXE,2024-10-24,83.7,85.3
ILMN,2024-10-24,144.17,141.39
ERIE,2024-10-24,465.48,458.3
ICLR,2024-10-24,240.61,221.73
TRMB,2024-10-24,60.6,60.56
SOFI,2024-10-24,10.91,10.93
TER,2024-10-24,118.2,110.72
TRMD,2024-10-24,27.18,26.96
SFM,2024-10-24,118.11,118.78
MBLY,2024-10-24,12.86,12.51
BSY,2024-10-24,49.65,48.73
LINE,2024-10-24,78.09,77.69
PPC,2024-10-24,45.94,46.55
FSV,2024-10-24,192.03,189.65
LECO,2024-10-24,194.25,193.69
FUTU,2024-10-24,89.1,88.14
TEM,2024-10-24,46.5,46.21
WING,2024-10-24,368.21,359.27
MKTX,2024-10-24,289.27,290.29
ANSS,2024-10-25,324.21,322.81
EXE,2024-10-25,85.76,84.79
ILMN,2024-10-25,141.78,141.95
ERIE,2024-10-25,458.29,444.02
ICLR,2024-10-25,224.79,220.47
TRMB,2024-10-25,60.82,60.9
SOFI,2024-10-25,11.21,10.99
TER,2024-10-25,111.19,111.75
TRMD,2024-10-25,26.95,27.29
SFM,2024-10-25,120,119.32
MBLY,2024-10-25,12.62,12.67
BSY,2024-10-25,48.94,49.15
LINE,2024-10-25,78.61,76.24
PPC,2024-10-25,46.57,46.21
FSV,2024-10-25,188.77,189.69
LECO,2024-10-25,195.59,193.71
FUTU,2024-10-25,89.37,92.58
TEM,2024-10-25,46.07,43.51
WING,2024-10-25,360,360.38
MKTX,2024-10-25,291.02,286.45
ANSS,2024-10-28,324.99,321.17
EXE,2024-10-28,82.73,85.26
ILMN,2024-10-28,143.21,144.03
ERIE,2024-10-28,449.12,450.36
ICLR,2024-10-28,221.26,230.5
TRMB,2024-10-28,61.19,61.35
SOFI,2024-10-28,11.21,11.19
TER,2024-10-28,111.85,111.33
TRMD,2024-10-28,26.74,26.81
SFM,2024-10-28,120.65,120.18
MBLY,2024-10-28,12.6,13.02
BSY,2024-10-28,49.62,48.86
LINE,2024-10-28,76.73,76.23
PPC,2024-10-28,46.47,47.45
FSV,2024-10-28,190.96,188.33
LECO,2024-10-28,195.67,195.84
FUTU,2024-10-28,93.23,96.88
TEM,2024-10-28,43.68,43.34
WING,2024-10-28,365.67,368.56
MKTX,2024-10-28,287.98,288.79
ANSS,2024-10-29,322.64,328.41
EXE,2024-10-29,85.82,85.73
ILMN,2024-10-29,143.7,146
ERIE,2024-10-29,448.44,452.87
ICLR,2024-10-29,231.28,232.4
TRMB,2024-10-29,61.03,61.66
SOFI,2024-10-29,10.75,10.47
TER,2024-10-29,111.33,113.24
TRMD,2024-10-29,26.69,26.3
SFM,2024-10-29,120.18,119.69
MBLY,2024-10-29,13.04,13.265
BSY,2024-10-29,48.79,49.5
LINE,2024-10-29,76.5,76.1
PPC,2024-10-29,47.1,48.09
FSV,2024-10-29,188,190.85
LECO,2024-10-29,194.79,197.08
FUTU,2024-10-29,100.13,98.17
TEM,2024-10-29,43.07,45.22
WING,2024-10-29,366.55,368.94
MKTX,2024-10-29,287.85,292.33
ANSS,2024-10-30,326.03,328.57
EXE,2024-10-30,86.01,88.7
ILMN,2024-10-30,144.94,147.66
ERIE,2024-10-30,450.96,450.23
ICLR,2024-10-30,230.02,227.89
TRMB,2024-10-30,61.63,61.36
SOFI,2024-10-30,10.47,11.22
TER,2024-10-30,111.48,109.48
TRMD,2024-10-30,25.94,26.1
SFM,2024-10-30,120.12,118.84
MBLY,2024-10-30,12.9,12.42
BSY,2024-10-30,49.52,49.61
LINE,2024-10-30,76.1,75.2
PPC,2024-10-30,48.12,47.69
FSV,2024-10-30,190.63,188.16
LECO,2024-10-30,196.2,197.26
FUTU,2024-10-30,95.93,96.14
TEM,2024-10-30,45.32,45.51
WING,2024-10-30,315.25,289.99
MKTX,2024-10-30,291.92,293.61
ANSS,2024-10-31,326.45,320.41
EXE,2024-10-31,89.19,84.72
ILMN,2024-10-31,145.7,144.14
ERIE,2024-10-31,449.46,448.84
ICLR,2024-10-31,224.81,222.11
TRMB,2024-10-31,61.31,60.5
SOFI,2024-10-31,11.16,11.17
TER,2024-10-31,109.06,106.21
TRMD,2024-10-31,25.87,26
SFM,2024-10-31,135.1,128.43
MBLY,2024-10-31,14.1,13.61
BSY,2024-10-31,49.1,48.26
LINE,2024-10-31,75.19,74.04
PPC,2024-10-31,49.38,48.44
FSV,2024-10-31,188,185.17
LECO,2024-10-31,198.88,192.56
FUTU,2024-10-31,96.59,94.99
TEM,2024-10-31,45.5,44.62
WING,2024-10-31,297.49,287.69
MKTX,2024-10-31,292.38,289.42
RGLD,2024-10-01,141.91,141.85
DOX,2024-10-01,87.29,87.38
HAS,2024-10-01,72.92,72.89
FYBR,2024-10-01,35.53,35.38
DBX,2024-10-01,25.48,25.05
LNW,2024-10-01,90.6,87.91
ENLT,2024-10-01,16.28,15.85
SPSC,2024-10-01,193.29,191.57
CWST,2024-10-01,99.1,98.52
CELH,2024-10-01,31.605,31.2
CSWI,2024-10-01,366.65,364.56
SAIC,2024-10-01,139.32,140.77
UMBF,2024-10-01,104.68,101.15
NOVT,2024-10-01,177.99,174.81
ACIW,2024-10-01,50.7,50.46
GRFS,2024-10-01,8.95,8.83
VRNS,2024-10-01,56.58,55.02
TGTX,2024-10-01,23.23,22.83
BWIN,2024-10-01,49.55,49.1
KRYS,2024-10-01,181.28,181.47
RGLD,2024-10-02,141.72,141.92
DOX,2024-10-02,87.27,88.03
HAS,2024-10-02,72.6,72.36
FYBR,2024-10-02,35.34,35.45
DBX,2024-10-02,25.08,25.12
LNW,2024-10-02,87.7,87.74
ENLT,2024-10-02,15.975,15.975
SPSC,2024-10-02,190.07,189.61
CWST,2024-10-02,98.37,98.26
CELH,2024-10-02,31.2,30.45
CSWI,2024-10-02,361.56,365.95
SAIC,2024-10-02,143.14,143.31
UMBF,2024-10-02,100.98,101.49
NOVT,2024-10-02,173.13,175.64
ACIW,2024-10-02,49.91,50.12
GRFS,2024-10-02,8.77,8.84
VRNS,2024-10-02,54.92,55.58
TGTX,2024-10-02,22.64,22.38
BWIN,2024-10-02,49.1,50.05
KRYS,2024-10-02,180.4,177.38
RGLD,2024-10-03,140.42,139.68
DOX,2024-10-03,87.92,88.16
HAS,2024-10-03,72.7,71.8
FYBR,2024-10-03,35.4,35.42
DBX,2024-10-03,25.02,25.53
LNW,2024-10-03,88.21,89.46
ENLT,2024-10-03,16.25,15.7
SPSC,2024-10-03,188.77,185.36
CWST,2024-10-03,98.26,99.25
CELH,2024-10-03,30.27,29.74
CSWI,2024-10-03,365,364.08
SAIC,2024-10-03,142.74,144.04
UMBF,2024-10-03,100.23,101.98
NOVT,2024-10-03,174.18,171.84
ACIW,2024-10-03,50.12,50.03
GRFS,2024-10-03,8.74,8.95
VRNS,2024-10-03,55.16,55.59
TGTX,2024-10-03,22.22,22.19
BWIN,2024-10-03,50,49.89
KRYS,2024-10-03,176.56,175.93
RGLD,2024-10-04,139.63,138.97
DOX,2024-10-04,88.69,88.19
HAS,2024-10-04,72.48,72.31
FYBR,2024-10-04,35.54,35.36
DBX,2024-10-04,25.81,25.37
LNW,2024-10-04,92.53,93.39
ENLT,2024-10-04,15.53,16.09
SPSC,2024-10-04,188.46,190.32
CWST,2024-10-04,99.97,98.95
CELH,2024-10-04,30.16,30.25
CSWI,2024-10-04,370.27,374.84
SAIC,2024-10-04,144.51,145.64
UMBF,2024-10-04,104.14,103.68
NOVT,2024-10-04,175.4,175
ACIW,2024-10-04,50.75,51.89
GRFS,2024-10-04,8.85,8.92
VRNS,2024-10-04,56.59,56.48
TGTX,2024-10-04,22.5,22.23
BWIN,2024-10-04,50.44,51.5
KRYS,2024-10-04,178.48,177.11
RGLD,2024-10-07,138.1,136.88
DOX,2024-10-07,88.03,87.27
HAS,2024-10-07,71.99,72.49
FYBR,2024-10-07,35.35,35.32
DBX,2024-10-07,25.37,25.28
LNW,2024-10-07,93.11,94.17
ENLT,2024-10-07,15.54,15.29
SPSC,2024-10-07,188.64,189.69
CWST,2024-10-07,98.27,97.5
CELH,2024-10-07,30.3,28.82
CSWI,2024-10-07,370.59,372.37
SAIC,2024-10-07,145.43,144.02
UMBF,2024-10-07,103.09,104.26
NOVT,2024-10-07,173.69,174.96
ACIW,2024-10-07,51.58,50.18
GRFS,2024-10-07,8.87,8.88
VRNS,2024-10-07,56.24,55.52
TGTX,2024-10-07,22.11,21.31
BWIN,2024-10-07,51.5,49.74
KRYS,2024-10-07,176.35,175
RGLD,2024-10-08,135.13,137.7
DOX,2024-10-08,87.51,87.36
HAS,2024-10-08,72.65,72.11
FYBR,2024-10-08,35.32,35.35
DBX,2024-10-08,25.3,25.48
LNW,2024-10-08,95.07,96.04
ENLT,2024-10-08,15.64,16
SPSC,2024-10-08,190,192.6
CWST,2024-10-08,98.12,98.3
CELH,2024-10-08,28.61,28.74
CSWI,2024-10-08,373.97,370.6
SAIC,2024-10-08,143.96,143.16
UMBF,2024-10-08,104.77,103.89
NOVT,2024-10-08,175.47,174.56
ACIW,2024-10-08,50.31,50.85
GRFS,2024-10-08,8.85,8.76
VRNS,2024-10-08,55.96,56.55
TGTX,2024-10-08,21.4,21.84
BWIN,2024-10-08,49.93,50.58
KRYS,2024-10-08,176.13,174.84
RGLD,2024-10-09,137.41,137.63
DOX,2024-10-09,87.35,88.12
HAS,2024-10-09,72,72.24
FYBR,2024-10-09,35.37,35.26
DBX,2024-10-09,25.48,25.81
LNW,2024-10-09,96.04,96.08
ENLT,2024-10-09,15.73,15.65
SPSC,2024-10-09,192.83,198.39
CWST,2024-10-09,98.27,99.23
CELH,2024-10-09,29.175,30.51
CSWI,2024-10-09,371.42,378.06
SAIC,2024-10-09,142.04,143.35
UMBF,2024-10-09,103.89,104.99
NOVT,2024-10-09,174.56,174.98
ACIW,2024-10-09,50.61,51.67
GRFS,2024-10-09,8.75,8.66
VRNS,2024-10-09,56.52,58.62
TGTX,2024-10-09,22.06,21.895
BWIN,2024-10-09,50.54,51.49
KRYS,2024-10-09,175.24,171.98
RGLD,2024-10-10,138.31,140.04
DOX,2024-10-10,87.95,87.79
HAS,2024-10-10,72.13,72.34
FYBR,2024-10-10,35.3,35.25
DBX,2024-10-10,25.76,25.9
LNW,2024-10-10,95.52,94.97
ENLT,2024-10-10,15.58,15.65
SPSC,2024-10-10,195.84,195.31
CWST,2024-10-10,98.43,99.02
CELH,2024-10-10,33.53,34.91
CSWI,2024-10-10,373.25,374.39
SAIC,2024-10-10,143.19,142.74
UMBF,2024-10-10,104.99,105.53
NOVT,2024-10-10,172.37,170.74
ACIW,2024-10-10,50.93,51.55
GRFS,2024-10-10,8.66,8.63
VRNS,2024-10-10,58.26,58.96
TGTX,2024-10-10,21.569,21.83
BWIN,2024-10-10,51.78,51.52
KRYS,2024-10-10,171.45,173.15
RGLD,2024-10-11,141.06,142.04
DOX,2024-10-11,88,88.25
HAS,2024-10-11,72.34,72.13
FYBR,2024-10-11,35.3,35.25
DBX,2024-10-11,25.87,25.9
LNW,2024-10-11,94.97,95.7
ENLT,2024-10-11,15.35,15.7362
SPSC,2024-10-11,195.79,198.81
CWST,2024-10-11,98.98,101.01
CELH,2024-10-11,34.9102,32.8
CSWI,2024-10-11,383.75,389.65
SAIC,2024-10-11,142.77,144.5
UMBF,2024-10-11,106.3,108.99
NOVT,2024-10-11,170.37,175.02
ACIW,2024-10-11,51.77,52.66
GRFS,2024-10-11,8.52,8.59
VRNS,2024-10-11,58.96,59.12
TGTX,2024-10-11,21.83,22.18
BWIN,2024-10-11,51.71,51.62
KRYS,2024-10-11,173.33,178.71
RGLD,2024-10-14,140.95,142.32
DOX,2024-10-14,88.42,89.21
HAS,2024-10-14,71.8,71.57
FYBR,2024-10-14,35.25,35.25
DBX,2024-10-14,26.04,25.94
LNW,2024-10-14,96,94.53
ENLT,2024-10-14,15.615,15.605
SPSC,2024-10-14,199.32,195.81
CWST,2024-10-14,100.88,102.17
CELH,2024-10-14,33.105,34.82
CSWI,2024-10-14,389.36,394.02
SAIC,2024-10-14,144.75,146.08
UMBF,2024-10-14,108.99,109.35
NOVT,2024-10-14,175.5,176.44
ACIW,2024-10-14,52.85,52.66
GRFS,2024-10-14,8.43,8.58
VRNS,2024-10-14,59.42,59.9
TGTX,2024-10-14,22.07,22.83
BWIN,2024-10-14,51.88,52.25
KRYS,2024-10-14,177.6,179.58
RGLD,2024-10-15,142.17,145.79
DOX,2024-10-15,89.21,88.73
HAS,2024-10-15,71.78,71.64
FYBR,2024-10-15,35.63,35.71
DBX,2024-10-15,25.96,26.27
LNW,2024-10-15,94.59,94.21
ENLT,2024-10-15,15.7,15.645
SPSC,2024-10-15,195.61,195.82
CWST,2024-10-15,102.61,103.89
CELH,2024-10-15,34.31,34.16
CSWI,2024-10-15,393.42,393.68
SAIC,2024-10-15,146.3,146.35
UMBF,2024-10-15,109.95,110.45
NOVT,2024-10-15,176.63,176.44
ACIW,2024-10-15,52.77,52.63
GRFS,2024-10-15,8.56,8.51
VRNS,2024-10-15,60,59.98
TGTX,2024-10-15,23.03,24.57
BWIN,2024-10-15,52.51,52.58
KRYS,2024-10-15,180.12,178.46
RGLD,2024-10-16,146.85,147.37
DOX,2024-10-16,89.05,89.66
HAS,2024-10-16,71.64,71.61
FYBR,2024-10-16,35.71,35.96
DBX,2024-10-16,26.27,26.14
LNW,2024-10-16,94.71,95.23
ENLT,2024-10-16,15.44,15.86
SPSC,2024-10-16,197.8,196.04
CWST,2024-10-16,104.43,105.62
CELH,2024-10-16,34.72,33.78
CSWI,2024-10-16,395.22,392.44
SAIC,2024-10-16,146.01,147.19
UMBF,2024-10-16,112.09,111.18
NOVT,2024-10-16,179.08,177.75
ACIW,2024-10-16,53.12,52.87
GRFS,2024-10-16,8.53,8.49
VRNS,2024-10-16,60.36,58.97
TGTX,2024-10-16,24.57,24.5
BWIN,2024-10-16,52.92,52.9
KRYS,2024-10-16,180.02,177.78
RGLD,2024-10-17,148.28,148.45
DOX,2024-10-17,89.53,90.94
HAS,2024-10-17,71.64,71.81
FYBR,2024-10-17,35.9,35.85
DBX,2024-10-17,26.22,26.37
LNW,2024-10-17,95.5,94.61
ENLT,2024-10-17,15.7,16.13
SPSC,2024-10-17,196.62,194.33
CWST,2024-10-17,105.89,106.3
CELH,2024-10-17,33.8,32.18
CSWI,2024-10-17,390.72,391.16
SAIC,2024-10-17,147.37,147.64
UMBF,2024-10-17,111.63,111.67
NOVT,2024-10-17,179.11,177.09
ACIW,2024-10-17,52.76,51.94
GRFS,2024-10-17,8.44,8.59
VRNS,2024-10-17,59.26,59.24
TGTX,2024-10-17,24.4,23.94
BWIN,2024-10-17,53.99,55.29
KRYS,2024-10-17,178.76,176.82
RGLD,2024-10-18,149.93,152.65
DOX,2024-10-18,91.08,90.99
HAS,2024-10-18,71.89,72.94
FYBR,2024-10-18,35.81,35.7
DBX,2024-10-18,26.44,26.47
LNW,2024-10-18,94.54,93.33
ENLT,2024-10-18,16,16.23
SPSC,2024-10-18,194.77,192.82
CWST,2024-10-18,106.12,104.07
CELH,2024-10-18,32.71,33.85
CSWI,2024-10-18,391.77,391.63
SAIC,2024-10-18,147.41,147.695
UMBF,2024-10-18,111.76,109.35
NOVT,2024-10-18,178.42,178.53
ACIW,2024-10-18,51.48,50.66
GRFS,2024-10-18,8.54,8.65
VRNS,2024-10-18,59.65,59.43
TGTX,2024-10-18,23.97,23.31
BWIN,2024-10-18,55.35,54.78
KRYS,2024-10-18,177.01,179.19
RGLD,2024-10-21,155,152.51
DOX,2024-10-21,90.59,90.28
HAS,2024-10-21,73.05,71.94
FYBR,2024-10-21,35.7,35.71
DBX,2024-10-21,26.43,26.67
LNW,2024-10-21,93.13,91.68
ENLT,2024-10-21,16.25,16.65
SPSC,2024-10-21,192.06,192.95
CWST,2024-10-21,104.47,104.1
CELH,2024-10-21,33.73,32.46
CSWI,2024-10-21,391.6,392.79
SAIC,2024-10-21,147.89,147.02
UMBF,2024-10-21,109.68,106.63
NOVT,2024-10-21,177.74,175.03
ACIW,2024-10-21,50.65,49.02
GRFS,2024-10-21,8.7,8.57
VRNS,2024-10-21,59.32,58.52
TGTX,2024-10-21,23.06,24.37
BWIN,2024-10-21,54.78,53.4
KRYS,2024-10-21,178.13,178.98
RGLD,2024-10-22,154.18,154.27
DOX,2024-10-22,90.81,89.68
HAS,2024-10-22,71.83,71.04
FYBR,2024-10-22,35.76,35.55
DBX,2024-10-22,26.63,26.28
LNW,2024-10-22,91.3,92.31
ENLT,2024-10-22,16.09,15.92
SPSC,2024-10-22,192.51,191.43
CWST,2024-10-22,103.55,103.14
CELH,2024-10-22,32.28,32.02
CSWI,2024-10-22,393.28,389.85
SAIC,2024-10-22,146.72,145.56
UMBF,2024-10-22,105.91,106.81
NOVT,2024-10-22,174.63,172
ACIW,2024-10-22,48.96,48.91
GRFS,2024-10-22,8.71,8.82
VRNS,2024-10-22,58.3,58.35
TGTX,2024-10-22,24.27,24.25
BWIN,2024-10-22,53.09,52.14
KRYS,2024-10-22,177.64,175.2
RGLD,2024-10-23,153.25,152.24
DOX,2024-10-23,89.73,89.65
HAS,2024-10-23,70.77,70.33
FYBR,2024-10-23,35.68,35.82
DBX,2024-10-23,26.25,25.79
LNW,2024-10-23,91.85,93.05
ENLT,2024-10-23,15.92,16
SPSC,2024-10-23,190.5,189.75
CWST,2024-10-23,102.72,103.14
CELH,2024-10-23,31.85,30.46
CSWI,2024-10-23,387.83,381.44
SAIC,2024-10-23,144.51,143.94
UMBF,2024-10-23,105.99,106.6
NOVT,2024-10-23,171.12,171.92
ACIW,2024-10-23,48.78,49.17
GRFS,2024-10-23,8.8,8.83
VRNS,2024-10-23,58.29,56.58
TGTX,2024-10-23,24.12,23.13
BWIN,2024-10-23,52,51.87
KRYS,2024-10-23,173.9,172.75
RGLD,2024-10-24,152.21,151.15
DOX,2024-10-24,89.65,89.74
HAS,2024-10-24,70.45,66.1
FYBR,2024-10-24,35.88,36.15
DBX,2024-10-24,25.94,25.79
LNW,2024-10-24,93.27,93.43
ENLT,2024-10-24,15.98,15.75
SPSC,2024-10-24,189.68,190.98
CWST,2024-10-24,103.41,102.16
CELH,2024-10-24,30.8,31.7
CSWI,2024-10-24,380.38,365.02
SAIC,2024-10-24,144.16,144.05
UMBF,2024-10-24,107.25,105.82
NOVT,2024-10-24,172.37,172.7
ACIW,2024-10-24,49.27,49
GRFS,2024-10-24,8.77,8.86
VRNS,2024-10-24,56.89,56.31
TGTX,2024-10-24,23.2,23.22
BWIN,2024-10-24,51.95,51.475
KRYS,2024-10-24,173.1,174.975
RGLD,2024-10-25,150.59,150.34
DOX,2024-10-25,89.74,88.87
HAS,2024-10-25,66.77,66.42
FYBR,2024-10-25,36.01,36.01
DBX,2024-10-25,25.94,26
LNW,2024-10-25,94.61,95.13
ENLT,2024-10-25,15.77,15.79
SPSC,2024-10-25,190.71,170.49
CWST,2024-10-25,102.39,100.01
CELH,2024-10-25,31.79,31.66
CSWI,2024-10-25,368.69,367.05
SAIC,2024-10-25,144.97,143.73
UMBF,2024-10-25,106.8,104.07
NOVT,2024-10-25,174.45,173.02
ACIW,2024-10-25,49.21,48.8
GRFS,2024-10-25,8.8,8.73
VRNS,2024-10-25,56.4,56.86
TGTX,2024-10-25,23.26,23.36
BWIN,2024-10-25,51.77,50.24
KRYS,2024-10-25,176.62,175.51
RGLD,2024-10-28,150,151.03
DOX,2024-10-28,89.45,88.29
HAS,2024-10-28,66.67,65.8
FYBR,2024-10-28,35.86,35.83
DBX,2024-10-28,26.16,25.15
LNW,2024-10-28,96,95.69
ENLT,2024-10-28,15.9399,15.89
SPSC,2024-10-28,172.64,171.01
CWST,2024-10-28,100.51,101.03
CELH,2024-10-28,32,31.4
CSWI,2024-10-28,367.05,365.94
SAIC,2024-10-28,144.34,144.83
UMBF,2024-10-28,105.48,107.05
NOVT,2024-10-28,174.9,176.25
ACIW,2024-10-28,49.26,49.56
GRFS,2024-10-28,8.39,8.34
VRNS,2024-10-28,57.59,57.38
TGTX,2024-10-28,23.67,24.35
BWIN,2024-10-28,50.83,50.48
KRYS,2024-10-28,177.27,176.89
RGLD,2024-10-29,152.21,153.61
DOX,2024-10-29,87.97,88.63
HAS,2024-10-29,65.23,65.625
FYBR,2024-10-29,35.8,35.89
DBX,2024-10-29,25.1,25.82
LNW,2024-10-29,95.66,96.82
ENLT,2024-10-29,15.8,16.13
SPSC,2024-10-29,171.05,172.8
CWST,2024-10-29,100.39,102.41
CELH,2024-10-29,31.13,31.03
CSWI,2024-10-29,362.46,363.18
SAIC,2024-10-29,144.76,146.65
UMBF,2024-10-29,106.12,106.66
NOVT,2024-10-29,174.77,177.22
ACIW,2024-10-29,49.2,49.89
GRFS,2024-10-29,8.73,8.2
VRNS,2024-10-29,57.41,58.78
TGTX,2024-10-29,26.02,25.71
BWIN,2024-10-29,50.29,50.49
KRYS,2024-10-29,175.99,176.215
RGLD,2024-10-30,153.45,151.1
DOX,2024-10-30,88.23,88.09
HAS,2024-10-30,65.22,66.65
FYBR,2024-10-30,35.89,35.93
DBX,2024-10-30,25.77,26.17
LNW,2024-10-30,96.65,94.25
ENLT,2024-10-30,16.06,16.02
SPSC,2024-10-30,173.43,168.98
CWST,2024-10-30,102.25,101.29
CELH,2024-10-30,30.89,30.69
CSWI,2024-10-30,367.3,360.09
SAIC,2024-10-30,145.83,146.33
UMBF,2024-10-30,107.34,111.14
NOVT,2024-10-30,176.07,173.65
ACIW,2024-10-30,49.66,49.9
GRFS,2024-10-30,8.44,8.77
VRNS,2024-10-30,54.04,52.48
TGTX,2024-10-30,25.66,25.13
BWIN,2024-10-30,50.39,47.19
KRYS,2024-10-30,174.81,175.53
RGLD,2024-10-31,149.29,146.06
DOX,2024-10-31,88.17,87.745
HAS,2024-10-31,66.42,65.63
FYBR,2024-10-31,35.98,35.73
DBX,2024-10-31,26.03,25.85
LNW,2024-10-31,94.25,93.78
ENLT,2024-10-31,16.04,15.9
SPSC,2024-10-31,168.46,165
CWST,2024-10-31,99.5,97.88
CELH,2024-10-31,30.59,30.08
CSWI,2024-10-31,355.34,353.1
SAIC,2024-10-31,145.83,144.29
UMBF,2024-10-31,111.76,109.73
NOVT,2024-10-31,173.65,170.24
ACIW,2024-10-31,49.72,49.2
GRFS,2024-10-31,8.62,8.69
VRNS,2024-10-31,52,50.37
TGTX,2024-10-31,25.06,25.06
BWIN,2024-10-31,46.64,46.26
KRYS,2024-10-31,174.99,172.53
IDCC,2024-10-01,141.72,142.66
FORTY,2024-10-01,80,80.52
SITM,2024-10-01,170.55,168.25
NSIT,2024-10-01,214.02,211.19
LOPE,2024-10-01,142.45,142.6
AEIS,2024-10-01,105.22,102.94
CRSP,2024-10-01,47,45.58
ICUI,2024-10-01,180.66,179.14
SMTC,2024-10-01,45.53,42.08
MGEE,2024-10-01,91.47,91.83
NYAX,2024-10-01,25.39,25.88
CARG,2024-10-01,30,29.65
WDFC,2024-10-01,257.88,257.16
PTEN,2024-10-01,7.52,7.92
AVPT,2024-10-01,11.72,11.54
IRDM,2024-10-01,30.5,31.02
PENN,2024-10-01,18.78,18.47
INDB,2024-10-01,58.98,57.27
SFNC,2024-10-01,21.42,21.22
PLTK,2024-10-01,7.93,7.71
IDCC,2024-10-02,142.9,144.83
FORTY,2024-10-02,78.81,77.39
SITM,2024-10-02,166.88,169.62
NSIT,2024-10-02,211.19,213.02
LOPE,2024-10-02,141.91,140.87
AEIS,2024-10-02,102.5,101.71
CRSP,2024-10-02,45.25,45.71
ICUI,2024-10-02,178.71,180.38
SMTC,2024-10-02,41.85,41.06
MGEE,2024-10-02,91.42,91.24
NYAX,2024-10-02,24.865,25.38
CARG,2024-10-02,29.43,29.29
WDFC,2024-10-02,257.26,258.79
PTEN,2024-10-02,8.05,8.01
AVPT,2024-10-02,11.54,11.59
IRDM,2024-10-02,30.88,31.31
PENN,2024-10-02,18.29,18.35
INDB,2024-10-02,57.14,57.04
SFNC,2024-10-02,21.26,21
PLTK,2024-10-02,7.7,7.82
IDCC,2024-10-03,144.33,143.85
FORTY,2024-10-03,77.56,77.56
SITM,2024-10-03,167.07,176.89
NSIT,2024-10-03,211.26,214.14
LOPE,2024-10-03,139.79,137.81
AEIS,2024-10-03,100.6,102.94
CRSP,2024-10-03,45.24,44.9
ICUI,2024-10-03,178.8,176.92
SMTC,2024-10-03,40.56,40.58
MGEE,2024-10-03,91.34,91.06
NYAX,2024-10-03,25.19,24.8
CARG,2024-10-03,28.98,29.05
WDFC,2024-10-03,257.62,254.76
PTEN,2024-10-03,8.06,8.29
AVPT,2024-10-03,11.54,11.59
IRDM,2024-10-03,31.28,31.61
PENN,2024-10-03,18.21,18.42
INDB,2024-10-03,56.66,57.21
SFNC,2024-10-03,20.87,21.15
PLTK,2024-10-03,7.75,7.66
IDCC,2024-10-04,145.18,143.38
SITM,2024-10-04,182.28,179.39
NSIT,2024-10-04,217.5,219.68
LOPE,2024-10-04,139.11,139.23
AEIS,2024-10-04,105.25,105.53
CRSP,2024-10-04,45.53,45.37
ICUI,2024-10-04,178.88,179.2
SMTC,2024-10-04,41.35,41.68
MGEE,2024-10-04,90.82,90.95
NYAX,2024-10-04,25.2,25.366
CARG,2024-10-04,29.54,29.29
WDFC,2024-10-04,257,256.81
PTEN,2024-10-04,8.42,8.48
AVPT,2024-10-04,11.75,11.89
IRDM,2024-10-04,31.9,29.95
PENN,2024-10-04,18.91,18.96
INDB,2024-10-04,58.24,57.97
SFNC,2024-10-04,21.53,21.51
PLTK,2024-10-04,7.79,7.76
IDCC,2024-10-07,142.78,143.19
FORTY,2024-10-07,78.46,78.46
SITM,2024-10-07,177.95,179.68
NSIT,2024-10-07,217.87,219.94
LOPE,2024-10-07,138.73,136.53
AEIS,2024-10-07,105.44,105.1
CRSP,2024-10-07,45.43,45.49
ICUI,2024-10-07,177.73,177.2
SMTC,2024-10-07,41.27,43.36
MGEE,2024-10-07,90.5,89.34
NYAX,2024-10-07,25.19,25.505
CARG,2024-10-07,29.1,29.2
WDFC,2024-10-07,256.23,253.05
PTEN,2024-10-07,8.49,8.56
AVPT,2024-10-07,11.81,11.71
IRDM,2024-10-07,29.95,29.51
PENN,2024-10-07,18.9,18.57
INDB,2024-10-07,57.97,57.46
SFNC,2024-10-07,21.42,21.4
PLTK,2024-10-07,7.75,7.62
IDCC,2024-10-08,143.43,146.1
SITM,2024-10-08,179.8,181.36
NSIT,2024-10-08,220.31,221.73
LOPE,2024-10-08,136.32,135.74
AEIS,2024-10-08,105.34,105.65
CRSP,2024-10-08,45.08,45.2
ICUI,2024-10-08,178.32,178.17
SMTC,2024-10-08,43.69,42.43
MGEE,2024-10-08,89.72,88.92
NYAX,2024-10-08,25.35,25.3
CARG,2024-10-08,29.33,30.22
WDFC,2024-10-08,253.72,256.26
PTEN,2024-10-08,8.41,8.19
AVPT,2024-10-08,11.79,12.24
IRDM,2024-10-08,29.57,29.52
PENN,2024-10-08,18.5,18.48
INDB,2024-10-08,57.69,56.88
SFNC,2024-10-08,21.5,21.27
PLTK,2024-10-08,7.58,7.59
IDCC,2024-10-09,146.1,147.71
SITM,2024-10-09,180.05,181.55
NSIT,2024-10-09,221.54,224.73
LOPE,2024-10-09,135.74,133.75
AEIS,2024-10-09,105.98,106.87
CRSP,2024-10-09,45,45.4
ICUI,2024-10-09,179.99,182.15
SMTC,2024-10-09,42.52,41.14
MGEE,2024-10-09,88.59,90.02
NYAX,2024-10-09,25.67,25.5555
CARG,2024-10-09,30.34,30.54
WDFC,2024-10-09,256.26,255.76
PTEN,2024-10-09,8.095,8.04
AVPT,2024-10-09,12.25,12.34
IRDM,2024-10-09,29.41,29.74
PENN,2024-10-09,18.36,18.75
INDB,2024-10-09,56.88,57.93
SFNC,2024-10-09,21.33,21.66
PLTK,2024-10-09,7.57,7.45
IDCC,2024-10-10,147.05,151.79
FORTY,2024-10-10,74.22,74.22
SITM,2024-10-10,177.56,181
NSIT,2024-10-10,222.06,216.92
LOPE,2024-10-10,133.7,131.89
AEIS,2024-10-10,105.1,107.43
CRSP,2024-10-10,45.01,45.39
ICUI,2024-10-10,180.01,177.03
SMTC,2024-10-10,40.85,42.57
MGEE,2024-10-10,89.44,89.66
NYAX,2024-10-10,25.01,25.07
CARG,2024-10-10,30.13,30.31
WDFC,2024-10-10,255.09,257.26
PTEN,2024-10-10,8.05,8.07
AVPT,2024-10-10,12.17,12.41
IRDM,2024-10-10,29.63,29.47
PENN,2024-10-10,18.67,18.46
INDB,2024-10-10,57.49,58.09
SFNC,2024-10-10,21.48,21.61
PLTK,2024-10-10,7.4,7.37
IDCC,2024-10-11,152.3,155.32
SITM,2024-10-11,179.42,185
NSIT,2024-10-11,217.11,214.43
LOPE,2024-10-11,132.21,133.47
AEIS,2024-10-11,106.8,109.32
CRSP,2024-10-11,45.28,46.85
ICUI,2024-10-11,177.12,178.72
SMTC,2024-10-11,42.38,44
MGEE,2024-10-11,89.31,90.52
NYAX,2024-10-11,24.9,26
CARG,2024-10-11,30.37,30.89
WDFC,2024-10-11,257.08,260.59
PTEN,2024-10-11,8.01,8.29
AVPT,2024-10-11,12.4,12.5
IRDM,2024-10-11,29.4,29.55
PENN,2024-10-11,18.29,18.52
INDB,2024-10-11,58.42,60.35
SFNC,2024-10-11,21.77,22.28
PLTK,2024-10-11,7.38,7.49
IDCC,2024-10-14,155.69,155.86
SITM,2024-10-14,184.87,185.14
NSIT,2024-10-14,215.21,219.3
LOPE,2024-10-14,133.12,133.62
AEIS,2024-10-14,109.27,111.1
CRSP,2024-10-14,46.74,47.825
ICUI,2024-10-14,177.82,180.3
SMTC,2024-10-14,44.39,45.38
MGEE,2024-10-14,90.75,90.7
NYAX,2024-10-14,26.04,26.04
CARG,2024-10-14,30.82,31.12
WDFC,2024-10-14,261.84,258.98
PTEN,2024-10-14,8.17,8.25
AVPT,2024-10-14,12.54,12.34
IRDM,2024-10-14,29.63,30.03
PENN,2024-10-14,18.39,18.48
INDB,2024-10-14,60.3,60.8
SFNC,2024-10-14,22.28,22.67
PLTK,2024-10-14,7.5,7.5
IDCC,2024-10-15,154.8,153.75
SITM,2024-10-15,185.1,175.16
NSIT,2024-10-15,218.13,220.4
LOPE,2024-10-15,133.37,134.43
AEIS,2024-10-15,111.46,106.63
CRSP,2024-10-15,47.86,48.05
ICUI,2024-10-15,180.73,179.5
SMTC,2024-10-15,45.28,44.14
MGEE,2024-10-15,90.74,91.9
NYAX,2024-10-15,26.99,25.6
CARG,2024-10-15,31.23,31.45
WDFC,2024-10-15,259.29,260.85
PTEN,2024-10-15,8,7.89
AVPT,2024-10-15,12.33,12.28
IRDM,2024-10-15,29.8,30.07
PENN,2024-10-15,18.43,18.51
INDB,2024-10-15,60.99,63.04
SFNC,2024-10-15,22.84,23.05
PLTK,2024-10-15,7.48,7.5
IDCC,2024-10-16,154.1,156.82
FORTY,2024-10-16,76.61,76.95
SITM,2024-10-16,178.41,172.34
NSIT,2024-10-16,221.65,223.63
LOPE,2024-10-16,134.7,133.455
AEIS,2024-10-16,108.75,110.74
CRSP,2024-10-16,48.32,49
ICUI,2024-10-16,181.34,183.83
SMTC,2024-10-16,44.86,45.02
MGEE,2024-10-16,91.81,94.47
NYAX,2024-10-16,25.99,25.9741
CARG,2024-10-16,31.65,31.64
WDFC,2024-10-16,262.89,263.65
PTEN,2024-10-16,7.97,8.05
AVPT,2024-10-16,12.28,12.15
IRDM,2024-10-16,30.11,30.2
PENN,2024-10-16,18.51,18.74
INDB,2024-10-16,63.52,64.24
SFNC,2024-10-16,23.19,23.3
PLTK,2024-10-16,7.55,7.57
IDCC,2024-10-17,156.92,155.69
FORTY,2024-10-17,78,78
SITM,2024-10-17,178.38,173
NSIT,2024-10-17,224.51,222.29
LOPE,2024-10-17,133.07,133.29
AEIS,2024-10-17,111.44,111.05
CRSP,2024-10-17,48.91,48.29
ICUI,2024-10-17,183.96,180.51
SMTC,2024-10-17,45.77,43.96
MGEE,2024-10-17,94.57,92.54
NYAX,2024-10-17,25.98,26.375
CARG,2024-10-17,31.5,31.45
WDFC,2024-10-17,264.88,264.78
PTEN,2024-10-17,7.83,7.97
AVPT,2024-10-17,12.16,12.18
IRDM,2024-10-17,31,33.57
PENN,2024-10-17,18.63,18.78
INDB,2024-10-17,64.3,65.09
SFNC,2024-10-17,23.24,23.3
PLTK,2024-10-17,7.57,7.58
IDCC,2024-10-18,155.92,154.17
SITM,2024-10-18,174.3,174.97
NSIT,2024-10-18,223.84,221.8
LOPE,2024-10-18,134.33,132.14
AEIS,2024-10-18,111.83,110.47
CRSP,2024-10-18,48.55,48.92
ICUI,2024-10-18,180.61,180.94
SMTC,2024-10-18,44.13,43.88
MGEE,2024-10-18,92.73,93.21
NYAX,2024-10-18,26.615,26.675
CARG,2024-10-18,31.53,31.58
WDFC,2024-10-18,249.72,251.25
PTEN,2024-10-18,7.91,7.98
AVPT,2024-10-18,12.24,12.14
IRDM,2024-10-18,33.55,31.6
PENN,2024-10-18,18.89,18.99
INDB,2024-10-18,63.17,61.57
SFNC,2024-10-18,22.36,23.28
PLTK,2024-10-18,7.58,7.56
IDCC,2024-10-21,154.2,155.16
SITM,2024-10-21,174.97,184.15
NSIT,2024-10-21,221.61,221.72
LOPE,2024-10-21,131.59,131.94
AEIS,2024-10-21,109.86,108.69
CRSP,2024-10-21,48.5901,48.51
ICUI,2024-10-21,180.91,178.93
SMTC,2024-10-21,43.875,43.95
MGEE,2024-10-21,93.13,92.17
NYAX,2024-10-21,26.99,26.5
CARG,2024-10-21,31.42,31.66
WDFC,2024-10-21,252.38,258.52
PTEN,2024-10-21,8.06,7.9
AVPT,2024-10-21,12.052,12.06
IRDM,2024-10-21,31.6,29.73
PENN,2024-10-21,18.91,18.4
INDB,2024-10-21,64.53,62.37
SFNC,2024-10-21,23.74,22.77
PLTK,2024-10-21,7.56,7.51
IDCC,2024-10-22,155.03,153.01
FORTY,2024-10-22,82,81.99
SITM,2024-10-22,185.02,185.33
NSIT,2024-10-22,220.13,216.51
LOPE,2024-10-22,131.94,132.23
AEIS,2024-10-22,107.77,106.71
CRSP,2024-10-22,48.26,48.04
ICUI,2024-10-22,178.31,179.77
SMTC,2024-10-22,43.84,44.07
MGEE,2024-10-22,91.72,90.82
NYAX,2024-10-22,26.8349,26.35
CARG,2024-10-22,31.66,32.04
WDFC,2024-10-22,255.22,263.87
PTEN,2024-10-22,7.96,7.86
AVPT,2024-10-22,12.01,12.05
IRDM,2024-10-22,29.38,28.89
PENN,2024-10-22,18.31,18.88
INDB,2024-10-22,62.26,62.17
SFNC,2024-10-22,22.75,23.11
PLTK,2024-10-22,7.51,7.74
IDCC,2024-10-23,152.2,150.48
SITM,2024-10-23,185.71,180.31
NSIT,2024-10-23,214.8,211
LOPE,2024-10-23,132.12,134.53
AEIS,2024-10-23,106.45,106
CRSP,2024-10-23,47.95,46
ICUI,2024-10-23,178.14,177.7
SMTC,2024-10-23,43.85,44.8
MGEE,2024-10-23,90.36,91.46
NYAX,2024-10-23,26.41,26.32
CARG,2024-10-23,31.87,31.57
WDFC,2024-10-23,262.52,264.19
PTEN,2024-10-23,7.81,7.8
AVPT,2024-10-23,11.95,11.73
IRDM,2024-10-23,28.97,29.78
PENN,2024-10-23,18.6,18.62
INDB,2024-10-23,61.91,62.74
SFNC,2024-10-23,22.99,23.3
PLTK,2024-10-23,7.73,7.61
IDCC,2024-10-24,150.9,147.35
SITM,2024-10-24,184.82,181.15
NSIT,2024-10-24,212.79,210.67
LOPE,2024-10-24,134.45,133.42
AEIS,2024-10-24,107.18,107.35
CRSP,2024-10-24,46.19,47.95
ICUI,2024-10-24,176.88,175.48
SMTC,2024-10-24,44.82,44.11
MGEE,2024-10-24,91.67,91.79
NYAX,2024-10-24,26.43,26.6581
CARG,2024-10-24,31.73,32.15
WDFC,2024-10-24,264.37,267.92
PTEN,2024-10-24,8.1,7.97
AVPT,2024-10-24,11.84,12.08
IRDM,2024-10-24,29.83,28.94
PENN,2024-10-24,18.81,19.19
INDB,2024-10-24,62.73,62.8
SFNC,2024-10-24,23.33,23.45
PLTK,2024-10-24,7.65,7.6
IDCC,2024-10-25,147.36,147.29
FORTY,2024-10-25,82.02,82.02
SITM,2024-10-25,183.38,178.93
NSIT,2024-10-25,212.48,209.14
LOPE,2024-10-25,133.42,133.125
AEIS,2024-10-25,108.48,107.13
CRSP,2024-10-25,47.96,47.36
ICUI,2024-10-25,177.08,175.56
SMTC,2024-10-25,44.55,45.47
MGEE,2024-10-25,92.42,90.68
NYAX,2024-10-25,26.66,26.67
CARG,2024-10-25,32.35,31.53
WDFC,2024-10-25,267.42,266.59
PTEN,2024-10-25,8.09,8.17
AVPT,2024-10-25,12.13,11.96
IRDM,2024-10-25,28.91,29.03
PENN,2024-10-25,19.37,19.91
INDB,2024-10-25,63.23,61.85
SFNC,2024-10-25,23.62,22.99
PLTK,2024-10-25,7.64,7.63
IDCC,2024-10-28,148.68,145.51
FORTY,2024-10-28,83.56,83.56
SITM,2024-10-28,179.05,181.86
NSIT,2024-10-28,210.39,206.83
LOPE,2024-10-28,133.94,133.4
AEIS,2024-10-28,107.85,108.37
CRSP,2024-10-28,47.99,49.71
ICUI,2024-10-28,178.31,173.64
SMTC,2024-10-28,45.56,44.97
MGEE,2024-10-28,91.48,91.69
NYAX,2024-10-28,27.95,27.83
CARG,2024-10-28,31.84,31.59
WDFC,2024-10-28,268.08,263.84
PTEN,2024-10-28,7.89,7.98
AVPT,2024-10-28,12.05,11.97
IRDM,2024-10-28,29.21,29.75
PENN,2024-10-28,20.03,19.89
INDB,2024-10-28,62.62,63.69
SFNC,2024-10-28,23.19,23.58
PLTK,2024-10-28,7.73,7.91
IDCC,2024-10-29,145,149.63
FORTY,2024-10-29,83.93,83.93
SITM,2024-10-29,181.86,186.81
NSIT,2024-10-29,205.33,210.34
LOPE,2024-10-29,133.2,136.33
AEIS,2024-10-29,107.37,111.01
CRSP,2024-10-29,49.53,48.94
ICUI,2024-10-29,171.83,175.07
SMTC,2024-10-29,44.73,47.76
MGEE,2024-10-29,90.7,90.2
NYAX,2024-10-29,28.18,28.41
CARG,2024-10-29,31.35,31.45
WDFC,2024-10-29,263.24,262.82
PTEN,2024-10-29,7.96,7.79
AVPT,2024-10-29,11.99,12.44
IRDM,2024-10-29,29.53,29.635
PENN,2024-10-29,19.83,20.79
INDB,2024-10-29,63.53,63.17
SFNC,2024-10-29,23.4,23.53
PLTK,2024-10-29,8,7.93
IDCC,2024-10-30,149.27,147.72
FORTY,2024-10-30,87,86.99
SITM,2024-10-30,183.83,182.19
NSIT,2024-10-30,209,203.89
LOPE,2024-10-30,135.91,137.35
AEIS,2024-10-30,109.75,107.77
CRSP,2024-10-30,48.51,47.93
ICUI,2024-10-30,174.11,175.44
SMTC,2024-10-30,46.85,46.84
MGEE,2024-10-30,90.34,90.09
NYAX,2024-10-30,29.72,29.45
CARG,2024-10-30,31.46,31.53
WDFC,2024-10-30,262.3,264.4
PTEN,2024-10-30,7.82,7.85
AVPT,2024-10-30,12.37,12.36
IRDM,2024-10-30,29.5,29.5
PENN,2024-10-30,20.55,20.7
INDB,2024-10-30,62.82,64.23
SFNC,2024-10-30,23.44,23.64
PLTK,2024-10-30,7.92,7.93
IDCC,2024-10-31,160.11,150.44
FORTY,2024-10-31,84.585,85.2
SITM,2024-10-31,181.7,169.01
NSIT,2024-10-31,195.35,174.92
LOPE,2024-10-31,136.91,137.11
AEIS,2024-10-31,111.92,108.53
CRSP,2024-10-31,47.76,46.39
ICUI,2024-10-31,174.61,170.73
SMTC,2024-10-31,46.17,44.19
MGEE,2024-10-31,89.74,90.49
NYAX,2024-10-31,29.56,28.9001
CARG,2024-10-31,31.47,31.02
WDFC,2024-10-31,263.4,262.07
PTEN,2024-10-31,7.91,7.67
AVPT,2024-10-31,12.28,12.14
IRDM,2024-10-31,29.41,29.33
PENN,2024-10-31,20.73,19.75
INDB,2024-10-31,64.35,62.9
SFNC,2024-10-31,23.69,23.2
PLTK,2024-10-31,7.92,7.83
FIVN,2024-10-01,28.85,27.26
GT,2024-10-01,8.85,8.74
CSQ,2024-10-01,17.27,17.14
HTLF,2024-10-01,56.46,54.47
IOVA,2024-10-01,9.3,9.35
IREN,2024-10-01,8.412,7.73
HWKN,2024-10-01,127.5,126.75
AMRX,2024-10-01,8.38,8.7
NMRK,2024-10-01,15.52,15.62
UFPT,2024-10-01,314.28,308.19
WERN,2024-10-01,38.31,37.49
TFIN,2024-10-01,79.5,76.56
TTMI,2024-10-01,18.21,18.24
CNTA,2024-10-01,16,17.2
CGON,2024-10-01,37.55,36.9
TRUP,2024-10-01,42.06,41.19
VEON,2024-10-01,30.69,31.6
OMCL,2024-10-01,43.38,42.38
UPWK,2024-10-01,10.47,10.3
YY,2024-10-01,36.46,36.58
FIVN,2024-10-02,27.25,28.18
GT,2024-10-02,8.66,8.56
CSQ,2024-10-02,17.07,17.23
HTLF,2024-10-02,54.33,54.69
IOVA,2024-10-02,9.25,9.76
IREN,2024-10-02,7.7,7.8
HWKN,2024-10-02,126.28,127.8
AMRX,2024-10-02,8.76,8.59
NMRK,2024-10-02,15.46,15.98
UFPT,2024-10-02,304.42,306.12
WERN,2024-10-02,37.2,37.02
TFIN,2024-10-02,75.9,75.64
TTMI,2024-10-02,18.16,18.41
CNTA,2024-10-02,17.13,16.26
CGON,2024-10-02,36.46,36.4
TRUP,2024-10-02,41.29,41.09
VEON,2024-10-02,31.85,31.9
OMCL,2024-10-02,42.46,42.3
UPWK,2024-10-02,10.24,10.27
YY,2024-10-02,37.82,36.35
FIVN,2024-10-03,28,28.18
GT,2024-10-03,8.41,8.15
CSQ,2024-10-03,17.04,17.15
HTLF,2024-10-03,54.21,54.91
IOVA,2024-10-03,9.67,9.76
IREN,2024-10-03,7.64,7.84
HWKN,2024-10-03,127.01,123.11
AMRX,2024-10-03,8.53,8.55
NMRK,2024-10-03,15.84,15.69
UFPT,2024-10-03,302.22,292.57
WERN,2024-10-03,36.64,36.69
TFIN,2024-10-03,75.02,73.8
TTMI,2024-10-03,18.27,18.06
CNTA,2024-10-03,16.13,15.88
CGON,2024-10-03,36.14,35.96
TRUP,2024-10-03,41.02,41.36
VEON,2024-10-03,31.95,31.47
OMCL,2024-10-03,42.18,41.51
UPWK,2024-10-03,10.19,10.43
YY,2024-10-03,35.63,34.96
FIVN,2024-10-04,28.77,29.41
GT,2024-10-04,8.38,8.53
CSQ,2024-10-04,17.21,17.33
HTLF,2024-10-04,55.98,55.88
IOVA,2024-10-04,9.99,10.46
IREN,2024-10-04,8.08,8.68
HWKN,2024-10-04,124.83,125.19
AMRX,2024-10-04,8.66,8.65
NMRK,2024-10-04,15.86,14.94
UFPT,2024-10-04,297.41,288.71
WERN,2024-10-04,37.29,36.11
TFIN,2024-10-04,75.29,74.63
TTMI,2024-10-04,18.31,18.35
CNTA,2024-10-04,15.97,15.94
CGON,2024-10-04,36.63,36.63
TRUP,2024-10-04,42.27,42.84
VEON,2024-10-04,31.77,30.37
OMCL,2024-10-04,41.94,42.39
UPWK,2024-10-04,10.66,10.84
YY,2024-10-04,35.44,36.28
FIVN,2024-10-07,29.46,28.77
GT,2024-10-07,8.52,8.28
CSQ,2024-10-07,17.47,17.28
HTLF,2024-10-07,55.56,56.17
IOVA,2024-10-07,10.45,9.99
IREN,2024-10-07,8.73,8.35
HWKN,2024-10-07,124.22,127.31
AMRX,2024-10-07,8.62,8.46
NMRK,2024-10-07,14.81,14.65
UFPT,2024-10-07,288.47,284.65
WERN,2024-10-07,35.62,36.48
TFIN,2024-10-07,75.61,74.64
TTMI,2024-10-07,18.21,18.42
CNTA,2024-10-07,15.94,15.51
CGON,2024-10-07,36.44,35.48
TRUP,2024-10-07,42.67,41.56
VEON,2024-10-07,29.85,30.21
OMCL,2024-10-07,42.22,42.25
UPWK,2024-10-07,10.71,10.47
YY,2024-10-07,36.75,35.76
FIVN,2024-10-08,28.69,28.01
GT,2024-10-08,8.24,8.34
CSQ,2024-10-08,17.43,17.38
HTLF,2024-10-08,56.48,56.02
IOVA,2024-10-08,9.91,9.72
IREN,2024-10-08,8.22,8.05
HWKN,2024-10-08,127.67,130.29
AMRX,2024-10-08,8.49,8.66
NMRK,2024-10-08,14.72,14.64
UFPT,2024-10-08,285.38,290
WERN,2024-10-08,36.7,37.05
TFIN,2024-10-08,75.25,76.25
TTMI,2024-10-08,18.5,18.45
CNTA,2024-10-08,15.54,16.08
CGON,2024-10-08,35.42,34.82
TRUP,2024-10-08,41.69,44.25
VEON,2024-10-08,30.1,31.3
OMCL,2024-10-08,42.45,43.04
UPWK,2024-10-08,10.41,10.4
YY,2024-10-08,33.85,35.01
FIVN,2024-10-09,28.13,28.21
GT,2024-10-09,8.34,8.54
CSQ,2024-10-09,17.38,17.54
HTLF,2024-10-09,55.86,56.79
IOVA,2024-10-09,9.64,9.61
IREN,2024-10-09,8.03,7.51
HWKN,2024-10-09,130.15,131.7
AMRX,2024-10-09,8.66,8.68
NMRK,2024-10-09,14.6,14.6
UFPT,2024-10-09,290.09,288.03
WERN,2024-10-09,36.38,36.35
TFIN,2024-10-09,75.98,76
TTMI,2024-10-09,18.48,18.64
CNTA,2024-10-09,16.08,15.54
CGON,2024-10-09,34.69,34.72
TRUP,2024-10-09,44.06,46.69
VEON,2024-10-09,30.7,29.85
OMCL,2024-10-09,43,42.95
UPWK,2024-10-09,10.39,10.38
YY,2024-10-09,34.83,34.54
FIVN,2024-10-10,28.02,29.92
GT,2024-10-10,8.51,8.65
CSQ,2024-10-10,17.58,17.59
HTLF,2024-10-10,56.21,57.04
IOVA,2024-10-10,9.4,9.47
IREN,2024-10-10,7.475,7.33
HWKN,2024-10-10,130.01,128.62
AMRX,2024-10-10,8.57,8.46
NMRK,2024-10-10,14.46,14.26
UFPT,2024-10-10,285,304.83
WERN,2024-10-10,36.08,35.64
TFIN,2024-10-10,75.18,76.5
TTMI,2024-10-10,18.49,18.55
CNTA,2024-10-10,15.42,15.66
CGON,2024-10-10,34.16,34.48
TRUP,2024-10-10,46.5,47.06
VEON,2024-10-10,30.18,29.81
OMCL,2024-10-10,42.46,42.12
UPWK,2024-10-10,10.24,10.41
YY,2024-10-10,34.79,35
FIVN,2024-10-11,29.84,30.38
GT,2024-10-11,8.57,8.58
CSQ,2024-10-11,17.59,17.62
HTLF,2024-10-11,57.33,59.18
IOVA,2024-10-11,9.47,9.74
IREN,2024-10-11,7.42,7.74
HWKN,2024-10-11,129.01,130.58
AMRX,2024-10-11,8.5,8.57
NMRK,2024-10-11,14.28,14.67
UFPT,2024-10-11,303.41,312.76
WERN,2024-10-11,35.82,36.33
TFIN,2024-10-11,76.79,79.07
TTMI,2024-10-11,18.55,19.01
CNTA,2024-10-11,15.66,15.99
CGON,2024-10-11,34.48,36.09
TRUP,2024-10-11,46.8,49.03
VEON,2024-10-11,29.88,29.64
OMCL,2024-10-11,42.28,42.62
UPWK,2024-10-11,10.4,10.44
YY,2024-10-11,34.91,36.53
FIVN,2024-10-14,30.53,30.21
GT,2024-10-14,8.62,8.43
CSQ,2024-10-14,17.68,17.79
HTLF,2024-10-14,59.11,59.32
IOVA,2024-10-14,9.75,9.77
IREN,2024-10-14,8.11,8.53
HWKN,2024-10-14,130.24,129.97
AMRX,2024-10-14,8.58,8.66
NMRK,2024-10-14,14.69,14.84
UFPT,2024-10-14,313.88,313.99
WERN,2024-10-14,36.22,36.38
TFIN,2024-10-14,78.99,78.9
TTMI,2024-10-14,19.07,19.17
CNTA,2024-10-14,15.97,16.66
CGON,2024-10-14,35.81,37.52
TRUP,2024-10-14,49.5,50.52
VEON,2024-10-14,29.69,30.26
OMCL,2024-10-14,42.85,42.73
UPWK,2024-10-14,10.44,10.42
YY,2024-10-14,36.09,35.6
FIVN,2024-10-15,30.02,30.41
GT,2024-10-15,8.37,8.28
CSQ,2024-10-15,17.82,17.6
HTLF,2024-10-15,59.74,59.84
IOVA,2024-10-15,9.77,9.59
IREN,2024-10-15,8.56,8.73
HWKN,2024-10-15,128.73,132.75
AMRX,2024-10-15,8.64,8.81
NMRK,2024-10-15,14.93,15.05
UFPT,2024-10-15,313.73,311.84
WERN,2024-10-15,36.45,36.57
TFIN,2024-10-15,79.1,80.83
TTMI,2024-10-15,19.11,19.44
CNTA,2024-10-15,16.5,16.09
CGON,2024-10-15,37.53,37.2
TRUP,2024-10-15,50.2,50.89
VEON,2024-10-15,30.38,29.805
OMCL,2024-10-15,42.56,42.38
UPWK,2024-10-15,10.32,10.32
YY,2024-10-15,35.2,34.02
FIVN,2024-10-16,30.64,29.87
GT,2024-10-16,8.36,8.38
CSQ,2024-10-16,17.56,17.56
HTLF,2024-10-16,60.54,60.35
IOVA,2024-10-16,9.63,9.37
IREN,2024-10-16,9.1,9.35
HWKN,2024-10-16,132.78,134.23
AMRX,2024-10-16,8.9,8.7
NMRK,2024-10-16,15.22,15.1
UFPT,2024-10-16,316.36,318.94
WERN,2024-10-16,37.25,37.99
TFIN,2024-10-16,82.13,83.11
TTMI,2024-10-16,19.67,20.13
CNTA,2024-10-16,16.21,16.29
CGON,2024-10-16,37.68,37.05
TRUP,2024-10-16,50.95,53.5
VEON,2024-10-16,29.62,29.81
OMCL,2024-10-16,42.7,42.56
UPWK,2024-10-16,10.4,10.37
YY,2024-10-16,33.91,33.61
FIVN,2024-10-17,29.76,29.97
GT,2024-10-17,8.41,8.41
CSQ,2024-10-17,17.71,17.53
HTLF,2024-10-17,60.6,60.67
IOVA,2024-10-17,9.38,10.17
IREN,2024-10-17,9.29,8.95
HWKN,2024-10-17,134.42,133.98
AMRX,2024-10-17,8.69,8.46
NMRK,2024-10-17,15.11,14.9
UFPT,2024-10-17,319.53,309.39
WERN,2024-10-17,37.89,37.44
TFIN,2024-10-17,82.5,87.11
TTMI,2024-10-17,20.27,20.5
CNTA,2024-10-17,16.31,15.81
CGON,2024-10-17,37.33,36.76
TRUP,2024-10-17,53.37,55.48
VEON,2024-10-17,29.99,29.82
OMCL,2024-10-17,42.52,41.43
UPWK,2024-10-17,10.39,10.26
YY,2024-10-17,33.5,33.07
FIVN,2024-10-18,30.19,30.58
GT,2024-10-18,8.45,8.68
CSQ,2024-10-18,17.53,17.62
HTLF,2024-10-18,60.57,59.31
IOVA,2024-10-18,10.24,10.24
IREN,2024-10-18,9.22,9.49
HWKN,2024-10-18,133.94,126.55
AMRX,2024-10-18,8.47,8.58
NMRK,2024-10-18,14.93,14.85
UFPT,2024-10-18,311.1,302.43
WERN,2024-10-18,37.69,37.77
TFIN,2024-10-18,86.91,89.46
TTMI,2024-10-18,20.54,20.45
CNTA,2024-10-18,15.77,16.05
CGON,2024-10-18,36.89,36.44
TRUP,2024-10-18,55.61,54.84
VEON,2024-10-18,29.82,29.5
OMCL,2024-10-18,41.45,41.1
UPWK,2024-10-18,10.31,10.29
YY,2024-10-18,33.83,33.53
FIVN,2024-10-21,30.43,30.92
GT,2024-10-21,8.63,8.25
CSQ,2024-10-21,17.6,17.69
HTLF,2024-10-21,59.56,57.83
IOVA,2024-10-21,10.15,9.92
IREN,2024-10-21,9.13,9.62
HWKN,2024-10-21,126.89,124.52
AMRX,2024-10-21,8.68,8.47
NMRK,2024-10-21,14.8,14.55
UFPT,2024-10-21,301.79,292.66
WERN,2024-10-21,37.64,37.36
TFIN,2024-10-21,89.12,88.07
TTMI,2024-10-21,20.33,19.25
CNTA,2024-10-21,15.94,15.79
CGON,2024-10-21,36.23,36.71
TRUP,2024-10-21,54.82,53.91
VEON,2024-10-21,29.49,30.9
OMCL,2024-10-21,41.05,40.47
UPWK,2024-10-21,10.35,10.05
YY,2024-10-21,33.23,33.35
FIVN,2024-10-22,30.59,30.16
GT,2024-10-22,8.25,8.19
CSQ,2024-10-22,17.75,17.71
HTLF,2024-10-22,57.44,57.96
IOVA,2024-10-22,9.86,9.96
IREN,2024-10-22,9.53,9.28
HWKN,2024-10-22,124.17,122.93
AMRX,2024-10-22,8.4,8.5
NMRK,2024-10-22,14.57,14.59
UFPT,2024-10-22,291.71,276.41
WERN,2024-10-22,37.33,37.7
TFIN,2024-10-22,87.9,89.23
TTMI,2024-10-22,19.27,18.92
CNTA,2024-10-22,15.91,15.46
CGON,2024-10-22,36.57,36.98
TRUP,2024-10-22,53.73,52.6
VEON,2024-10-22,30.87,30.69
OMCL,2024-10-22,40.32,41.1
UPWK,2024-10-22,10.07,10.05
YY,2024-10-22,33.48,34.36
FIVN,2024-10-23,30.04,29.99
GT,2024-10-23,8.15,8.31
CSQ,2024-10-23,17.69,17.54
HTLF,2024-10-23,57.48,57.8
IOVA,2024-10-23,9.87,9.82
IREN,2024-10-23,9.03,8.68
HWKN,2024-10-23,122.45,121.57
AMRX,2024-10-23,8.53,8.32
NMRK,2024-10-23,14.45,14.54
UFPT,2024-10-23,275.84,279.67
WERN,2024-10-23,37.73,37.47
TFIN,2024-10-23,88.83,88.76
TTMI,2024-10-23,18.74,18.57
CNTA,2024-10-23,15.46,15.15
CGON,2024-10-23,36.81,35.61
TRUP,2024-10-23,52.15,52.67
VEON,2024-10-23,30.8,31.86
OMCL,2024-10-23,40.76,39.93
UPWK,2024-10-23,11.7,12.73
YY,2024-10-23,34.36,33.65
FIVN,2024-10-24,30.31,30.8
GT,2024-10-24,8.31,8.59
CSQ,2024-10-24,17.64,17.57
HTLF,2024-10-24,58.23,57.36
IOVA,2024-10-24,10.1,10.56
IREN,2024-10-24,8.83,9.24
HWKN,2024-10-24,122.05,118.68
AMRX,2024-10-24,8.33,8.31
NMRK,2024-10-24,14.65,15.39
UFPT,2024-10-24,280.86,278.32
WERN,2024-10-24,37.53,37.02
TFIN,2024-10-24,88.91,89.61
TTMI,2024-10-24,18.77,19.26
CNTA,2024-10-24,15.21,15.5
CGON,2024-10-24,36.89,36.45
TRUP,2024-10-24,53.16,53.07
VEON,2024-10-24,31.99,31.45
OMCL,2024-10-24,40.05,39.23
UPWK,2024-10-24,12.86,12.65
YY,2024-10-24,33.55,33.79
FIVN,2024-10-25,30.9,29.55
GT,2024-10-25,8.66,8.24
CSQ,2024-10-25,17.79,17.6
HTLF,2024-10-25,58,56.29
IOVA,2024-10-25,10.63,10.67
IREN,2024-10-25,9.31,9.25
HWKN,2024-10-25,118.44,116.5
AMRX,2024-10-25,8.37,8.4
NMRK,2024-10-25,15.49,15.12
UFPT,2024-10-25,280.04,275.2
WERN,2024-10-25,37.25,37.34
TFIN,2024-10-25,89.8,88.34
TTMI,2024-10-25,19.38,19.6
CNTA,2024-10-25,15.57,15.5
CGON,2024-10-25,36.68,36.38
TRUP,2024-10-25,53.71,53.61
VEON,2024-10-25,31.8,31.3
OMCL,2024-10-25,39.4,39.5
UPWK,2024-10-25,12.74,12.36
YY,2024-10-25,33.88,34.12
FIVN,2024-10-28,30.12,29.68
GT,2024-10-28,8.29,8.53
CSQ,2024-10-28,17.72,17.625
HTLF,2024-10-28,57.05,58.09
IOVA,2024-10-28,10.85,11.03
IREN,2024-10-28,9.7,10.9
HWKN,2024-10-28,117.91,116.92
AMRX,2024-10-28,8.49,8.54
NMRK,2024-10-28,15.3,15.1
UFPT,2024-10-28,277.73,278.9
WERN,2024-10-28,37.45,38.18
TFIN,2024-10-28,89.42,91.71
TTMI,2024-10-28,19.75,19.78
CNTA,2024-10-28,15.5,15.51
CGON,2024-10-28,36.99,37.29
TRUP,2024-10-28,54.28,54.48
VEON,2024-10-28,31.4,30.74
OMCL,2024-10-28,40,40.39
UPWK,2024-10-28,12.43,12.57
YY,2024-10-28,34.25,34
FIVN,2024-10-29,29.75,30.05
GT,2024-10-29,8.41,8.43
CSQ,2024-10-29,17.66,17.65
HTLF,2024-10-29,57.56,57.79
IOVA,2024-10-29,11,10.81
IREN,2024-10-29,11.335,10.55
HWKN,2024-10-29,115.91,117.16
AMRX,2024-10-29,8.48,8.55
NMRK,2024-10-29,14.91,14.91
UFPT,2024-10-29,275.87,287.38
WERN,2024-10-29,38.09,38.31
TFIN,2024-10-29,90.98,91.16
TTMI,2024-10-29,19.46,19.71
CNTA,2024-10-29,15.49,15.44
CGON,2024-10-29,37.07,36.19
TRUP,2024-10-29,53.51,53.25
VEON,2024-10-29,30.5,30.74
OMCL,2024-10-29,39.98,40.12
UPWK,2024-10-29,12.55,13.55
YY,2024-10-29,34.16,34.58
FIVN,2024-10-30,29.79,29.61
GT,2024-10-30,8.37,8.16
CSQ,2024-10-30,17.65,17.61
HTLF,2024-10-30,57.47,60.32
IOVA,2024-10-30,10.76,11.04
IREN,2024-10-30,10.21,10.32
HWKN,2024-10-30,117.05,117.29
AMRX,2024-10-30,8.5,8.57
NMRK,2024-10-30,14.92,15.04
UFPT,2024-10-30,284.16,274
WERN,2024-10-30,36.34,37.3
TFIN,2024-10-30,90.72,90.86
TTMI,2024-10-30,19.4,19.72
CNTA,2024-10-30,15.33,15.09
CGON,2024-10-30,36.03,36.32
TRUP,2024-10-30,52.83,55.12
VEON,2024-10-30,30.4,30.97
OMCL,2024-10-30,45.22,53.05
UPWK,2024-10-30,13.53,13.65
YY,2024-10-30,34.21,33.82
FIVN,2024-10-31,29.91,29.53
GT,2024-10-31,8.17,8.01
CSQ,2024-10-31,17.6,17.32
HTLF,2024-10-31,60.17,59.5
IOVA,2024-10-31,10.85,10.44
IREN,2024-10-31,10.19,9.12
HWKN,2024-10-31,109.51,106.9
AMRX,2024-10-31,8.53,8.47
NMRK,2024-10-31,14.96,14.99
UFPT,2024-10-31,273.31,267
WERN,2024-10-31,37.4,36.89
TFIN,2024-10-31,90.85,88.37
TTMI,2024-10-31,21.38,22.44
CNTA,2024-10-31,15.05,15.04
CGON,2024-10-31,36.39,35.53
TRUP,2024-10-31,52.36,54.78
VEON,2024-10-31,30.5,31.99
OMCL,2024-10-31,52.56,48.64
UPWK,2024-10-31,13.63,13.56
YY,2024-10-31,33.62,34.05
WGS,2024-10-01,42.19,43.04
NN,2024-10-01,7.44,7.49
OSW,2024-10-01,16.5,16.28
STGW,2024-10-01,7.02,7.11
SUPN,2024-10-01,31.1,32
HRMY,2024-10-01,40.55,39.24
IRON,2024-10-01,49.04,52.73
MBIN,2024-10-01,44.92,43.67
SJW,2024-10-01,58.15,58.5
SIMO,2024-10-01,60.57,59.57
CLOV,2024-10-01,2.8,2.78
MLKN,2024-10-01,24.81,24.67
SSRM,2024-10-01,5.76,5.83
AAOI,2024-10-01,14.03,13.32
SDGR,2024-10-01,18.5,17.8
MTTR,2024-10-01,4.48,4.46
KNSA,2024-10-01,24.8,25.47
XMTR,2024-10-01,18.25,17.53
SPNS,2024-10-01,37.23,36.38
WOOF,2024-10-01,4.51,4.47
DAWN,2024-10-01,13.88,14
NSSC,2024-10-01,40.4,38.8
OLPX,2024-10-01,2.36,2.33
OCSL,2024-10-01,16.32,16.28
WGS,2024-10-02,43,45.53
NN,2024-10-02,7.47,7.58
OSW,2024-10-02,16.14,16.4
STGW,2024-10-02,7.08,7.14
SUPN,2024-10-02,31.95,32.16
HRMY,2024-10-02,39.22,35.57
IRON,2024-10-02,52.73,51.2
MBIN,2024-10-02,43.37,43.18
SJW,2024-10-02,58.21,57.7
SIMO,2024-10-02,59.79,60.08
CLOV,2024-10-02,2.78,3.59
MLKN,2024-10-02,24.51,24.15
SSRM,2024-10-02,5.81,5.9
AAOI,2024-10-02,13.25,13.75
SDGR,2024-10-02,17.67,17.83
MTTR,2024-10-02,4.46,4.47
KNSA,2024-10-02,25.36,24.53
XMTR,2024-10-02,17.32,17.62
SPNS,2024-10-02,36.35,36.43
WOOF,2024-10-02,4.54,5.02
DAWN,2024-10-02,13.91,13.62
NSSC,2024-10-02,38.6,38.93
OLPX,2024-10-02,2.32,2.34
OCSL,2024-10-02,16.27,16.36
WGS,2024-10-03,45,47.12
NN,2024-10-03,7.52,7.63
OSW,2024-10-03,16.25,16.15
STGW,2024-10-03,7.14,7.12
SUPN,2024-10-03,32.04,32.1
HRMY,2024-10-03,35.76,34.77
IRON,2024-10-03,50.48,50.15
MBIN,2024-10-03,43.03,43.45
SJW,2024-10-03,57.71,57.27
SIMO,2024-10-03,59.72,60.99
CLOV,2024-10-03,3.51,4
MLKN,2024-10-03,23.98,24
SSRM,2024-10-03,5.82,5.77
AAOI,2024-10-03,13.65,14.195
SDGR,2024-10-03,17.6,17.44
MTTR,2024-10-03,4.45,4.55
KNSA,2024-10-03,24.37,24.29
XMTR,2024-10-03,17.46,17.51
SPNS,2024-10-03,36.14,35.87
WOOF,2024-10-03,4.97,5.54
DAWN,2024-10-03,13.6,13.8
NSSC,2024-10-03,38.73,38.19
OLPX,2024-10-03,2.3,2.29
OCSL,2024-10-03,16.3,16.39
WGS,2024-10-04,47.83,49.82
NN,2024-10-04,7.76,7.78
OSW,2024-10-04,16.43,16.7
STGW,2024-10-04,7.2,7.21
SUPN,2024-10-04,32.41,32.02
HRMY,2024-10-04,34.93,34.6
IRON,2024-10-04,50.37,49.93
MBIN,2024-10-04,44.38,44.29
SJW,2024-10-04,57.22,58.19
SIMO,2024-10-04,62.09,61.14
CLOV,2024-10-04,4.215,4.04
MLKN,2024-10-04,24.33,24.56
SSRM,2024-10-04,5.82,5.73
AAOI,2024-10-04,14.55,15.36
SDGR,2024-10-04,17.73,17.51
MTTR,2024-10-04,4.59,4.7
KNSA,2024-10-04,24.57,24.48
XMTR,2024-10-04,18.01,17.39
SPNS,2024-10-04,36.35,36.46
WOOF,2024-10-04,5.71,5.38
DAWN,2024-10-04,13.95,14.1
NSSC,2024-10-04,39.11,38.59
OLPX,2024-10-04,2.34,2.34
OCSL,2024-10-04,16.4,16.38
WGS,2024-10-07,50,52.76
NN,2024-10-07,7.77,7.72
OSW,2024-10-07,16.61,16.57
STGW,2024-10-07,7.19,6.84
SUPN,2024-10-07,31.91,32.06
HRMY,2024-10-07,34.57,34.38
IRON,2024-10-07,49.84,47.33
MBIN,2024-10-07,44.13,43.99
SJW,2024-10-07,58.09,57.17
SIMO,2024-10-07,61.14,60.2
CLOV,2024-10-07,3.99,3.69
MLKN,2024-10-07,24.49,24.68
SSRM,2024-10-07,5.72,5.52
AAOI,2024-10-07,15.28,14.94
SDGR,2024-10-07,17.46,16.98
MTTR,2024-10-07,4.69,4.64
KNSA,2024-10-07,24.48,23.73
XMTR,2024-10-07,17.3,17.37
SPNS,2024-10-07,36.23,35.9
WOOF,2024-10-07,5.37,5.17
DAWN,2024-10-07,14.06,13.58
NSSC,2024-10-07,38.24,38.53
OLPX,2024-10-07,2.42,2.23
OCSL,2024-10-07,16.4,16.33
WGS,2024-10-08,53.61,54.33
NN,2024-10-08,7.7,7.845
OSW,2024-10-08,16.63,17.11
STGW,2024-10-08,6.84,6.99
SUPN,2024-10-08,31.99,32.5
HRMY,2024-10-08,34.49,34.75
IRON,2024-10-08,47.53,47.9
MBIN,2024-10-08,44.05,43.92
SJW,2024-10-08,57.12,56.86
SIMO,2024-10-08,61.27,60.19
CLOV,2024-10-08,3.67,3.76
MLKN,2024-10-08,24.75,24.39
SSRM,2024-10-08,5.45,5.51
AAOI,2024-10-08,15.06,16.45
SDGR,2024-10-08,17,17.125
MTTR,2024-10-08,4.64,4.77
KNSA,2024-10-08,23.93,24.47
XMTR,2024-10-08,17.39,17.26
SPNS,2024-10-08,35.85,36.11
WOOF,2024-10-08,5.19,5.77
DAWN,2024-10-08,13.58,13.69
NSSC,2024-10-08,38.63,38.77
OLPX,2024-10-08,2.23,2.24
OCSL,2024-10-08,16.33,16.4
WGS,2024-10-09,54.55,54.84
NN,2024-10-09,7.86,7.69
OSW,2024-10-09,17.12,17
STGW,2024-10-09,6.99,7.15
SUPN,2024-10-09,32.57,32.38
HRMY,2024-10-09,34.73,33.6
IRON,2024-10-09,47.98,46.77
MBIN,2024-10-09,43.92,44.42
SJW,2024-10-09,56.74,56.61
SIMO,2024-10-09,60.19,59.79
CLOV,2024-10-09,3.86,3.91
MLKN,2024-10-09,24.42,24.21
SSRM,2024-10-09,5.47,5.45
AAOI,2024-10-09,16.31,16.17
SDGR,2024-10-09,17.14,17.22
MTTR,2024-10-09,4.74,4.75
KNSA,2024-10-09,24.57,24.93
XMTR,2024-10-09,17.22,17.17
SPNS,2024-10-09,36.05,36.34
WOOF,2024-10-09,5.8,5.37
DAWN,2024-10-09,13.69,14.05
NSSC,2024-10-09,38.73,39.2
OLPX,2024-10-09,2.23,2.23
OCSL,2024-10-09,16.38,16.4
WGS,2024-10-10,54.43,55
NN,2024-10-10,7.58,7.695
OSW,2024-10-10,16.85,17
STGW,2024-10-10,7.06,6.99
SUPN,2024-10-10,32.24,31.89
HRMY,2024-10-10,34,34.81
IRON,2024-10-10,46.47,47.47
MBIN,2024-10-10,43.93,44.73
SJW,2024-10-10,56.38,56.37
SIMO,2024-10-10,59.1,60.25
CLOV,2024-10-10,3.86,3.95
MLKN,2024-10-10,23.94,23.61
SSRM,2024-10-10,5.46,5.73
AAOI,2024-10-10,16.04,16.66
SDGR,2024-10-10,16.92,17.33
MTTR,2024-10-10,4.68,4.72
KNSA,2024-10-10,24.8,25.49
XMTR,2024-10-10,16.83,17.41
SPNS,2024-10-10,35.87,36.09
WOOF,2024-10-10,5.31,5.08
DAWN,2024-10-10,13.9,13.53
NSSC,2024-10-10,38.76,38.89
OLPX,2024-10-10,2.21,2.24
OCSL,2024-10-10,16.37,16.3
WGS,2024-10-11,54.79,60
NN,2024-10-11,7.7,7.91
OSW,2024-10-11,16.99,16.79
STGW,2024-10-11,6.99,6.89
SUPN,2024-10-11,32.17,33
HRMY,2024-10-11,34.54,34.83
IRON,2024-10-11,47.39,47.75
MBIN,2024-10-11,44.73,44.87
SJW,2024-10-11,56.4,57.45
SIMO,2024-10-11,59.75,59.93
CLOV,2024-10-11,4.11,4.07
MLKN,2024-10-11,23.47,24
SSRM,2024-10-11,5.79,5.85
AAOI,2024-10-11,16.66,17.86
SDGR,2024-10-11,17.29,17.67
MTTR,2024-10-11,4.7,4.78
KNSA,2024-10-11,25.55,26.56
XMTR,2024-10-11,17.24,17.96
SPNS,2024-10-11,36.15,36.57
WOOF,2024-10-11,5.05,5.14
DAWN,2024-10-11,13.49,13.88
NSSC,2024-10-11,39,39.4
OLPX,2024-10-11,2.261,2.29
OCSL,2024-10-11,16.3,16.34
WGS,2024-10-14,61.41,59.75
NN,2024-10-14,7.91,7.8
OSW,2024-10-14,16.77,16.9
STGW,2024-10-14,6.88,6.79
SUPN,2024-10-14,32.85,32.92
HRMY,2024-10-14,34.93,35.48
IRON,2024-10-14,47.54,47.99
MBIN,2024-10-14,44.97,45.11
SJW,2024-10-14,57.79,58.5
SIMO,2024-10-14,60.13,59.2
CLOV,2024-10-14,4.07,4.12
MLKN,2024-10-14,23.94,24.37
SSRM,2024-10-14,5.85,5.74
AAOI,2024-10-14,18.5,18.42
SDGR,2024-10-14,17.71,17.83
MTTR,2024-10-14,4.76,4.79
KNSA,2024-10-14,26.58,26.63
XMTR,2024-10-14,18.08,18.81
SPNS,2024-10-14,36.22,35.8
WOOF,2024-10-14,5.1,4.71
DAWN,2024-10-14,13.81,14.3
NSSC,2024-10-14,39.53,40.42
OLPX,2024-10-14,2.27,2.22
OCSL,2024-10-14,16.35,16.39
WGS,2024-10-15,60.03,59.99
NN,2024-10-15,7.8,7.99
OSW,2024-10-15,16.83,16.91
STGW,2024-10-15,6.79,6.68
SUPN,2024-10-15,32.74,33.52
HRMY,2024-10-15,35.43,35.5
IRON,2024-10-15,47.77,47.64
MBIN,2024-10-15,45.05,45.87
SJW,2024-10-15,58.81,59.23
SIMO,2024-10-15,59.19,57.27
CLOV,2024-10-15,4.09,4.13
MLKN,2024-10-15,24.22,24.43
SSRM,2024-10-15,5.72,5.89
AAOI,2024-10-15,18.55,17.4
SDGR,2024-10-15,17.83,17.65
MTTR,2024-10-15,4.77,4.8
KNSA,2024-10-15,26.63,27.06
XMTR,2024-10-15,18.81,19.21
SPNS,2024-10-15,35.8,35.98
WOOF,2024-10-15,4.71,4.62
DAWN,2024-10-15,14.32,14.83
NSSC,2024-10-15,40.5,41.69
OLPX,2024-10-15,2.22,2.09
OCSL,2024-10-15,16.44,16.37
WGS,2024-10-16,60.5,60.78
NN,2024-10-16,8.05,8
OSW,2024-10-16,17.07,17.47
STGW,2024-10-16,6.71,6.85
SUPN,2024-10-16,33.65,33.98
HRMY,2024-10-16,35.56,34.84
IRON,2024-10-16,48.37,47.99
MBIN,2024-10-16,46.43,44.72
SJW,2024-10-16,59.58,60.38
SIMO,2024-10-16,58.1,56.32
CLOV,2024-10-16,4.19,4.26
MLKN,2024-10-16,24.74,25.11
SSRM,2024-10-16,5.98,5.88
AAOI,2024-10-16,17.96,18.97
SDGR,2024-10-16,17.82,17.92
MTTR,2024-10-16,4.76,4.82
KNSA,2024-10-16,27.2,26.32
XMTR,2024-10-16,19.72,20.8
SPNS,2024-10-16,36,36.39
WOOF,2024-10-16,4.67,4.7
DAWN,2024-10-16,14.97,15.01
NSSC,2024-10-16,42,42.17
OLPX,2024-10-16,2.11,2.16
OCSL,2024-10-16,16.43,16.55
WGS,2024-10-17,60.61,56
NN,2024-10-17,8.05,8.25
OSW,2024-10-17,17.46,17.82
STGW,2024-10-17,6.86,7.02
SUPN,2024-10-17,34.03,33.84
HRMY,2024-10-17,34.97,34.97
IRON,2024-10-17,48.02,50.49
MBIN,2024-10-17,43.7,45.06
SJW,2024-10-17,60.06,59.55
SIMO,2024-10-17,57,56.21
CLOV,2024-10-17,4.46,4.18
MLKN,2024-10-17,25.03,25.54
SSRM,2024-10-17,5.88,5.82
AAOI,2024-10-17,19.44,19
SDGR,2024-10-17,17.78,17.59
MTTR,2024-10-17,4.83,4.79
KNSA,2024-10-17,26.3,26.75
XMTR,2024-10-17,20.84,20.37
SPNS,2024-10-17,36.66,36.38
WOOF,2024-10-17,4.69,4.58
DAWN,2024-10-17,15,15.08
NSSC,2024-10-17,42.57,41.89
OLPX,2024-10-17,2.15,2.09
OCSL,2024-10-17,16.55,16.58
WGS,2024-10-18,56.73,60.05
NN,2024-10-18,8.33,8.75
OSW,2024-10-18,17.89,17.54
STGW,2024-10-18,7.04,6.86
SUPN,2024-10-18,34.09,34.54
HRMY,2024-10-18,35.13,35.41
IRON,2024-10-18,50.47,50.56
MBIN,2024-10-18,45.4,44.92
SJW,2024-10-18,59.56,59.57
SIMO,2024-10-18,56.68,55.94
CLOV,2024-10-18,4.18,4
MLKN,2024-10-18,25.56,25.26
SSRM,2024-10-18,5.9,6.24
AAOI,2024-10-18,19.2,18.57
SDGR,2024-10-18,17.78,17.8
MTTR,2024-10-18,4.78,4.8
KNSA,2024-10-18,26.61,26.26
XMTR,2024-10-18,20.55,20.9
SPNS,2024-10-18,36.55,36.37
WOOF,2024-10-18,4.63,4.93
DAWN,2024-10-18,15.14,15.01
NSSC,2024-10-18,42.08,41.58
OLPX,2024-10-18,2.09,2.08
OCSL,2024-10-18,16.55,16.62
WGS,2024-10-21,58.85,58.19
NN,2024-10-21,8.77,9.43
OSW,2024-10-21,17.53,16.89
STGW,2024-10-21,6.78,6.6
SUPN,2024-10-21,34.53,33.67
HRMY,2024-10-21,35.37,34.95
IRON,2024-10-21,50.32,50.77
MBIN,2024-10-21,44.92,43.17
SJW,2024-10-21,59.66,59.3
SIMO,2024-10-21,55.9,57.15
CLOV,2024-10-21,4.04,4.06
MLKN,2024-10-21,25.12,24.59
SSRM,2024-10-21,6.38,6.23
AAOI,2024-10-21,18.57,18.51
SDGR,2024-10-21,17.53,17.92
MTTR,2024-10-21,4.76,4.79
KNSA,2024-10-21,26.08,25.885
XMTR,2024-10-21,20.91,21.04
SPNS,2024-10-21,36.82,37.78
WOOF,2024-10-21,4.87,4.63
DAWN,2024-10-21,14.92,14.93
NSSC,2024-10-21,41.58,41.27
OLPX,2024-10-21,2.1,2.04
OCSL,2024-10-21,16.6,16.61
WGS,2024-10-22,57.96,57.79
NN,2024-10-22,9.42,10.06
OSW,2024-10-22,16.88,16.95
STGW,2024-10-22,6.58,6.43
SUPN,2024-10-22,33.51,33.71
HRMY,2024-10-22,34.61,34.86
IRON,2024-10-22,50.36,50.92
MBIN,2024-10-22,43.19,44.05
SJW,2024-10-22,58.74,58.77
SIMO,2024-10-22,57.06,57
CLOV,2024-10-22,4.01,3.94
MLKN,2024-10-22,24.49,24.37
SSRM,2024-10-22,6.33,6.53
AAOI,2024-10-22,18.1,17.63
SDGR,2024-10-22,17.82,18.68
MTTR,2024-10-22,4.81,4.81
KNSA,2024-10-22,25.72,26.79
XMTR,2024-10-22,20.73,20.65
SPNS,2024-10-22,37.77,37.44
WOOF,2024-10-22,4.64,4.69
DAWN,2024-10-22,14.89,14.46
NSSC,2024-10-22,40.85,40.38
OLPX,2024-10-22,2.05,2.03
OCSL,2024-10-22,16.57,16.24
WGS,2024-10-23,57.21,56.08
NN,2024-10-23,9.98,10.18
OSW,2024-10-23,16.8,17
STGW,2024-10-23,6.37,6.25
SUPN,2024-10-23,33.54,33.87
HRMY,2024-10-23,34.8,34.05
IRON,2024-10-23,52.25,46.99
MBIN,2024-10-23,43.84,44.7
SJW,2024-10-23,58.8,58.59
SIMO,2024-10-23,56.59,55.76
CLOV,2024-10-23,3.9,3.78
MLKN,2024-10-23,24.21,23.73
SSRM,2024-10-23,6.5,6.46
AAOI,2024-10-23,17.47,17.01
SDGR,2024-10-23,18.65,18.12
MTTR,2024-10-23,4.75,4.59
KNSA,2024-10-23,26.75,26.84
XMTR,2024-10-23,20.52,19.99
SPNS,2024-10-23,37.22,36.62
WOOF,2024-10-23,4.62,4.6
DAWN,2024-10-23,14.97,14.33
NSSC,2024-10-23,40.22,39.58
OLPX,2024-10-23,2.01,1.98
OCSL,2024-10-23,16.24,16.1
WGS,2024-10-24,57.18,59.09
NN,2024-10-24,10.29,9.87
OSW,2024-10-24,17.05,17.27
STGW,2024-10-24,6.26,6.18
SUPN,2024-10-24,33.88,33.8
HRMY,2024-10-24,34,34.05
IRON,2024-10-24,46.85,46
MBIN,2024-10-24,44.99,44.26
SJW,2024-10-24,58.77,56.4
SIMO,2024-10-24,56.14,56.24
CLOV,2024-10-24,3.79,3.79
MLKN,2024-10-24,23.84,23.59
SSRM,2024-10-24,6.51,6.41
AAOI,2024-10-24,17.26,17.45
SDGR,2024-10-24,18.36,17.71
MTTR,2024-10-24,4.62,4.67
KNSA,2024-10-24,26.85,26.92
XMTR,2024-10-24,20.11,19.49
SPNS,2024-10-24,36.77,36.81
WOOF,2024-10-24,4.64,4.4
DAWN,2024-10-24,14.29,14.47
NSSC,2024-10-24,39.82,38.98
OLPX,2024-10-24,2.01,2
OCSL,2024-10-24,16.19,16.32
WGS,2024-10-25,59.41,58.82
NN,2024-10-25,9.94,10.47
OSW,2024-10-25,17.3,17.41
STGW,2024-10-25,6.25,6.15
SUPN,2024-10-25,33.8,33.93
HRMY,2024-10-25,34.1,34.5
IRON,2024-10-25,45.68,46.01
MBIN,2024-10-25,44.6,42.96
SJW,2024-10-25,56.82,56.42
SIMO,2024-10-25,56.94,56.06
CLOV,2024-10-25,3.815,3.92
MLKN,2024-10-25,23.85,23.49
SSRM,2024-10-25,6.34,6.15
AAOI,2024-10-25,17.92,17.44
SDGR,2024-10-25,17.78,17.68
MTTR,2024-10-25,4.68,4.57
KNSA,2024-10-25,27.14,27.44
XMTR,2024-10-25,19.74,19.4
SPNS,2024-10-25,36.96,36.64
WOOF,2024-10-25,4.49,4.46
DAWN,2024-10-25,14.5,14.6
NSSC,2024-10-25,39.32,38.6
OLPX,2024-10-25,2,2.02
OCSL,2024-10-25,16.35,16.35
WGS,2024-10-28,59.01,56.06
NN,2024-10-28,10.62,11.45
OSW,2024-10-28,17.58,17.41
STGW,2024-10-28,6.2,6.27
SUPN,2024-10-28,34.32,34.16
HRMY,2024-10-28,34.83,35.75
IRON,2024-10-28,46.36,46.19
MBIN,2024-10-28,43.5,43.89
SJW,2024-10-28,56.96,57.76
SIMO,2024-10-28,55.9,56.7
CLOV,2024-10-28,4.01,4.02
MLKN,2024-10-28,23.68,23.6
SSRM,2024-10-28,6.18,6.345
AAOI,2024-10-28,17.63,16.6
SDGR,2024-10-28,17.98,18.37
MTTR,2024-10-28,4.59,4.6
KNSA,2024-10-28,27.67,27.59
XMTR,2024-10-28,19.78,19.97
SPNS,2024-10-28,37.14,37.45
WOOF,2024-10-28,4.5,4.57
DAWN,2024-10-28,14.76,14.47
NSSC,2024-10-28,39.1,39
OLPX,2024-10-28,2.07,2.15
OCSL,2024-10-28,16.31,16.45
WGS,2024-10-29,66.6,84.02
NN,2024-10-29,11.41,11.82
OSW,2024-10-29,17.23,17.45
STGW,2024-10-29,6.26,6.35
SUPN,2024-10-29,34,34.38
HRMY,2024-10-29,37.58,41.49
IRON,2024-10-29,46.15,45.9
MBIN,2024-10-29,41.18,36.03
SJW,2024-10-29,57.06,56.18
SIMO,2024-10-29,56.42,57.83
CLOV,2024-10-29,4.04,4.05
MLKN,2024-10-29,23.27,23.23
SSRM,2024-10-29,6.4,6.39
AAOI,2024-10-29,16.35,15.67
SDGR,2024-10-29,18.28,18.74
MTTR,2024-10-29,4.58,4.55
KNSA,2024-10-29,21.32,23.265
XMTR,2024-10-29,19.8,20.46
SPNS,2024-10-29,37.35,37.49
WOOF,2024-10-29,4.5,4.57
DAWN,2024-10-29,14.47,14.35
NSSC,2024-10-29,38.63,39.44
OLPX,2024-10-29,2.15,2.12
OCSL,2024-10-29,16.4,16.2
WGS,2024-10-30,84.2,83.2
NN,2024-10-30,11.72,11.81
OSW,2024-10-30,18.56,17.92
STGW,2024-10-30,6.34,6.45
SUPN,2024-10-30,34.09,34.87
HRMY,2024-10-30,37.49,33.8
IRON,2024-10-30,45.77,45.6
MBIN,2024-10-30,36,35.96
SJW,2024-10-30,56.32,55.45
SIMO,2024-10-30,56.82,56.01
CLOV,2024-10-30,4.02,4.05
MLKN,2024-10-30,23.16,23.01
SSRM,2024-10-30,6.39,6.31
AAOI,2024-10-30,15.29,16.35
SDGR,2024-10-30,18.53,17.58
MTTR,2024-10-30,4.51,4.56
KNSA,2024-10-30,23.3,23.01
XMTR,2024-10-30,20.36,19.61
SPNS,2024-10-30,37.38,37.98
WOOF,2024-10-30,4.55,4.49
DAWN,2024-10-30,14.2,14.47
NSSC,2024-10-30,39.02,39.16
OLPX,2024-10-30,2.1,2.06
OCSL,2024-10-30,16.22,16.39
WGS,2024-10-31,82.25,81.69
NN,2024-10-31,11.84,11.62
OSW,2024-10-31,18.08,17.51
STGW,2024-10-31,6.48,6.21
SUPN,2024-10-31,34.69,34.07
HRMY,2024-10-31,31.26,32.13
IRON,2024-10-31,45.4,44.82
MBIN,2024-10-31,36.2,36.94
SJW,2024-10-31,55.83,55.66
SIMO,2024-10-31,55.3,53.81
CLOV,2024-10-31,4.015,4.12
MLKN,2024-10-31,22.93,22.36
SSRM,2024-10-31,6.23,6.17
AAOI,2024-10-31,16.01,15.62
SDGR,2024-10-31,17.47,17.595
MTTR,2024-10-31,4.51,4.56
KNSA,2024-10-31,22.87,22.59
XMTR,2024-10-31,19.63,19.68
SPNS,2024-10-31,37.98,36.88
WOOF,2024-10-31,4.49,4.27
DAWN,2024-10-31,15.93,14.72
NSSC,2024-10-31,38.92,38.48
OLPX,2024-10-31,2,1.78
OCSL,2024-10-31,16.35,16.22
